name,shape_name,rho,energy_ratio,separation,repeat,status,class_body1,class_body2,class_combined,class_consensus,body1_recurrence_rate,body1_recurrence_epsilon,body1_determinism,body1_lmax_fraction,body1_mean_diag,body1_diag_entropy,body1_nearest_distance,body1_return_cv,body1_divergence_slope,body1_divergence_gain,body1_spectral_entropy,body1_peak_fraction,body1_dominant_fraction,body1_harmonicity,body1_class,body2_recurrence_rate,body2_recurrence_epsilon,body2_determinism,body2_lmax_fraction,body2_mean_diag,body2_diag_entropy,body2_nearest_distance,body2_return_cv,body2_divergence_slope,body2_divergence_gain,body2_spectral_entropy,body2_peak_fraction,body2_dominant_fraction,body2_harmonicity,body2_class,combined_recurrence_rate,combined_recurrence_epsilon,combined_determinism,combined_lmax_fraction,combined_mean_diag,combined_diag_entropy,combined_nearest_distance,combined_return_cv,combined_divergence_slope,combined_divergence_gain,combined_spectral_entropy,combined_peak_fraction,combined_dominant_fraction,combined_harmonicity,combined_class
spheroid_1_0p7_0p7_rho1_E0p25_sep3_run01,spheroid_1_0p7_0p7,1.0,0.25,3.0,1,ok,periodic,periodic,quasi-periodic,periodic,0.030001041702836902,1.5729915590748225,0.9891203703703704,0.9438775510204082,74.96491228070175,2.9540666776021434,0.8141217236544341,0.10787076801454322,-0.0020738137099835085,0.0,0.213277734401098,0.9997570868399938,0.4218960377426696,0.9999999999999999,periodic,0.030001041702836902,1.7828148939758788,0.9875771604938272,0.5112244897959184,43.982817869415804,3.8171784802012594,0.6600621619178386,0.8255703847125104,0.0031162036805390454,0.06814690581688879,0.2645307856111927,0.9962685102084592,0.42358816856072407,1.0,periodic,0.030001041702836902,3.559634382180431,0.9844135802469136,0.9020408163265307,80.74683544303798,3.009284372922922,1.495528149764049,0.0,-9.787123148389042e-06,0.0014912010720087357,0.3119760610140302,0.9952950304402831,0.24652989558230473,0.9999999999999998,quasi-periodic
spheroid_1_0p7_0p7_rho1_E0p25_sep3_run02,spheroid_1_0p7_0p7,1.0,0.25,3.0,2,ok,periodic,quasi-periodic,ambiguous,mixed,0.030001041702836902,2.2497158564218513,0.9805555555555555,0.4051020408163265,37.266862170087975,2.961981826687029,0.41454157498466737,0.3380450441023293,0.009189313128889582,0.16944439563946964,0.3570584473440493,0.9785611737080154,0.29419263511783966,0.9999999999999998,periodic,0.030001041702836902,2.219578754058211,0.946604938271605,0.5040816326530613,22.510091743119265,2.2592827917006044,0.380240729413443,0.42737393245951466,0.008265568543791737,0.14584909622132008,0.35794608453879967,0.9763643457380464,0.25156278584038105,1.0,quasi-periodic,0.030001041702836902,4.759413092891643,0.5010802469135802,0.16122448979591836,6.47457627118644,1.516528191655102,3.900267666950546,0.4552404762674982,0.0062145390586775895,0.5072181818614536,0.43946084281729864,0.8847755184828748,0.15251351431949,1.0000000000000002,ambiguous
spheroid_1_0p7_0p7_rho1_E0p25_sep8_run01,spheroid_1_0p7_0p7,1.0,0.25,8.0,1,ok,periodic,periodic,periodic,periodic,0.030001041702836902,2.101421488336668,0.970679012345679,0.5122448979591837,45.415162454873645,2.224812465132519,0.4067904489857555,0.016150250747812775,0.0008330619410218049,0.016897520383493913,0.23423387281643576,0.9992183659139541,0.5573142973204996,1.0,periodic,0.030001041702836902,1.769994822013537,0.9931327160493827,0.6510204081632653,101.34645669291339,3.8814632644748337,0.6475846626890898,0.19613367632633882,0.005242458407951941,0.08585686635178824,0.21166937801668007,0.9978506316818879,0.5261829747173731,1.0000000000000002,periodic,0.030001041702836902,3.9772598717942294,0.9641203703703703,0.936734693877551,42.79109589041096,2.2255724805754595,2.3602628873747973,0.006384421571111671,4.068530693837019e-06,0.014354759457003166,0.30133527983190345,0.9965270028253093,0.39399793384879545,1.0,periodic
spheroid_1_0p7_0p7_rho1_E0p25_sep8_run02,spheroid_1_0p7_0p7,1.0,0.25,8.0,2,ok,periodic,periodic,quasi-periodic,periodic,0.030001041702836902,1.4061529764915741,0.9665123456790123,0.8438775510204082,33.13756613756614,2.4138011743474146,0.241117423091878,0.589062265246338,0.005592744453388644,0.09396493120083682,0.2562068754930315,0.9953662654035684,0.4414714009212931,0.9999999999999997,periodic,0.030001041702836902,2.502413575367083,0.9168981481481482,0.4806122448979592,19.51231527093596,2.025204767700472,0.3797383966846053,0.01823301079723075,0.00232349993556294,0.0410685674897301,0.3182161948067942,0.996040520585323,0.3014015013904066,1.0000000000000002,periodic,0.030001041702836902,3.9354871475244577,0.898070987654321,0.9326530612244898,10.094535993061578,1.7643796244019128,2.7310057794455433,0.33553648770802236,0.0013831542681729263,0.08556104559451815,0.3574935346426677,0.981687094637107,0.23714575477407274,1.0,quasi-periodic
spheroid_1_0p7_0p7_rho1_E4_sep3_run01,spheroid_1_0p7_0p7,1.0,4.0,3.0,1,ok,periodic,periodic,periodic,periodic,0.030001041702836902,1.9555337195445501,0.975462962962963,0.9428571428571428,41.17915309446254,2.1257413546882256,0.8854864113734542,0.00832545311092468,0.0002299497831919209,0.047240580148201636,0.2093006955740946,0.9999682330939209,0.43397984256092703,1.0000000000000002,periodic,0.030001041702836902,2.572382157448044,0.9847222222222223,0.9295918367346939,56.469026548672566,2.4633944378606993,1.3093195285572157,0.0,0.0003128332282706001,0.011187981916615979,0.169814508826929,0.99999166772164,0.6708390142535072,1.0,periodic,0.030001041702836902,3.7102059545093207,0.9701388888888889,0.9255102040816326,36.549418604651166,2.502210032206866,1.7265021420814897,0.0014281867763221241,0.0006153567979499955,0.010945269040507905,0.2770682029274616,0.9998206806899298,0.41326582206569434,1.0,periodic
spheroid_1_0p7_0p7_rho1_E4_sep3_run02,spheroid_1_0p7_0p7,1.0,4.0,3.0,2,ok,periodic,periodic,periodic,periodic,0.030001041702836902,1.6277864042621197,0.9921296296296296,0.9336734693877551,54.714893617021275,2.6866552328990814,0.6300887505445081,0.0021947748113795925,-0.0006539171391592561,0.02521744126416117,0.19057588252957042,0.9998408389678796,0.47645137750361727,1.0,periodic,0.030001041702836902,1.9427221693043848,0.9933641975308642,0.9459183673469388,102.17460317460318,3.0908349699685815,0.9137902721901332,0.0075066793760709995,9.875146184852536e-05,0.005168716579202848,0.16410009677447104,0.9999820810834101,0.6699858668898104,1.0,periodic,0.030001041702836902,3.768954441772965,0.9787037037037037,0.7959183673469388,28.249443207126948,2.3064863329837952,2.414482527244159,0.10852277139753827,0.00045439295748483683,0.015771834066851648,0.17255215716703998,0.9993224784411021,0.721703940550804,1.0000000000000002,periodic
spheroid_1_0p7_0p7_rho1_E4_sep8_run01,spheroid_1_0p7_0p7,1.0,4.0,8.0,1,ok,periodic,periodic,periodic,periodic,0.030001041702836902,1.4234515235829392,0.9981481481481481,0.9306122448979591,91.74468085106383,3.136473872253276,0.4949157419247622,0.005105498147161222,0.0023617433540546106,0.03894485422565792,0.1986668456176154,0.9999536272591945,0.44737081372192283,1.0,periodic,0.030001041702836902,1.7694761976315883,0.9695216049382716,0.9479591836734694,67.91891891891892,1.8191568337338369,0.5767250878095714,0.0,0.0008034828369497757,0.01346939319839954,0.25631874913953095,0.9995730979020188,0.4118386340670423,1.0,periodic,0.030001041702836902,3.492092068993973,0.9861111111111112,0.9326530612244898,51.951219512195124,2.483280647711094,1.4995899288638914,0.005763568031898625,-0.0006458987174405745,0.03483339703224277,0.2837844878555714,0.9997339657714269,0.2589386463419946,1.0,periodic
spheroid_1_0p7_0p7_rho1_E4_sep8_run02,spheroid_1_0p7_0p7,1.0,4.0,8.0,2,ok,periodic,periodic,periodic,periodic,0.030001041702836902,1.6739950794027612,0.9726851851851852,0.936734693877551,46.00729927007299,2.4367935045578157,0.6600281482080708,0.007976027344081744,0.001038203740646143,0.020630437368754265,0.2027319417415265,0.9999555347550994,0.4605135448809785,1.0000000000000002,periodic,0.030001041702836902,2.0564066241625976,0.9568672839506173,0.9377551020408164,28.77262180974478,2.306185881030453,0.9214899079972196,0.008062684168991627,-0.0011883834001281603,0.025209352158210036,0.1875081346619251,0.9999253590035762,0.5698269406384161,1.0000000000000002,periodic,0.030001041702836902,2.7858883308299696,0.966820987654321,0.9377551020408164,32.29381443298969,1.9805108846245436,1.202718794751671,0.0,0.00031398328655986096,0.008120630954949465,0.21492349271229108,0.9998959368347426,0.45300021365998117,1.0,periodic
spheroid_1_0p7_0p7_rho1_E16_sep3_run01,spheroid_1_0p7_0p7,1.0,16.0,3.0,1,ok,periodic,periodic,periodic,periodic,0.030001041702836902,0.7344589553689066,0.9939814814814815,0.6091836734693877,57.50892857142857,3.741237772434215,0.167662285372838,0.3106757520798657,0.00405974123644935,0.07860291367769924,0.19947930479347006,0.9999974866097866,0.5072257801597577,0.9999999999999998,periodic,0.030001041702836902,0.47368006786939415,0.9957561728395061,0.373469387755102,58.926940639269404,4.365340233742346,0.07737706445129022,0.6081946436802991,0.01601229246422164,0.26233150511714975,0.18009761549767858,0.9999365909580825,0.5468443800541456,1.0,periodic,0.030001041702836902,2.646639155086744,0.9902777777777778,0.9275510204081633,53.475,2.4088533732035464,1.214895134310059,0.004774030752418772,-0.0002705142713396223,0.0036896990867148773,0.22398165943777587,0.9999635095802822,0.41072125293409406,0.9999999999999998,periodic
spheroid_1_0p7_0p7_rho1_E16_sep3_run02,spheroid_1_0p7_0p7,1.0,16.0,3.0,2,ok,periodic,periodic,periodic,periodic,0.030001041702836902,1.7236404973832729,0.9745370370370371,0.936734693877551,50.72289156626506,2.4882710224869165,0.6485243931296684,0.0,0.0006675168993970906,0.01617382883987889,0.19614372344900513,0.999913444668885,0.4937177169915813,1.0,periodic,0.030001041702836902,0.789161955155078,0.9822530864197531,0.9306122448979591,44.666666666666664,2.9114299173169256,0.1624386076800478,0.18441908702174833,0.0029528882305048638,0.04455679440154818,0.19666993307717195,0.9999880955231515,0.4755422952900902,1.0000000000000002,periodic,0.030001041702836902,3.851076481386793,0.9319444444444445,0.9336734693877551,21.078534031413614,2.122149992918634,3.060238757296677,0.6573368042222436,0.0019917751173935943,0.11930073530034227,0.28367911204301666,0.9999414393012126,0.26289032346703595,1.0,periodic
spheroid_1_0p7_0p7_rho1_E16_sep8_run01,spheroid_1_0p7_0p7,1.0,16.0,8.0,1,ok,periodic,periodic,periodic,periodic,0.030001041702836902,1.7396382638491332,1.0,0.9408163265306122,350.27027027027026,3.229414800470857,0.6424011512654297,0.0,0.000576766766844522,0.009328784129353205,0.1730945818191525,0.9999864463774573,0.5782225493261699,1.0,periodic,0.030001041702836902,1.2638985881961304,0.8539351851851852,0.9387755102040817,12.068702290076336,1.7420379543983655,0.3588335215630439,0.0,-0.00017258117855624536,0.03380965904102634,0.251826531208373,0.9995795175526578,0.4318754674512724,1.0000000000000002,periodic,0.030001041702836902,3.3599589413959774,0.9773148148148149,0.9408163265306122,55.797356828193834,2.030567974932565,0.9974773552267819,0.0,0.00031564463813656005,0.004843715171693614,0.2351557074761821,0.9996385413107279,0.5240739182806647,1.0,periodic
spheroid_1_0p7_0p7_rho1_E16_sep8_run02,spheroid_1_0p7_0p7,1.0,16.0,8.0,2,ok,periodic,periodic,periodic,periodic,0.030001041702836902,1.8529494013777128,0.972608024691358,0.9387755102040817,39.889240506329116,2.499978502785848,0.7858780686230519,0.0,0.000966330643932029,0.019165381136836475,0.1615839518682852,0.9999626779805452,0.6422758320288381,0.9999999999999999,periodic,0.030001041702836902,1.3076710769475473,0.999537037037037,0.9408163265306122,359.8333333333333,3.205953188271386,0.5250057324192796,0.008511440864898374,0.000221787293684964,0.004119566794114158,0.19566997039035372,0.9999785091841575,0.4874099017050071,0.9999999999999997,periodic,0.030001041702836902,3.5140783836614675,0.9727623456790123,0.9408163265306122,42.735593220338984,1.995364208493408,1.2419436252548568,0.006529039060933529,-6.799496627023916e-05,0.005978525773727165,0.2563423218368466,0.9997269426695792,0.43932248165153853,1.0,periodic
spheroid_1_0p7_0p7_rho0p1_E0p25_sep3_run01,spheroid_1_0p7_0p7,0.1,0.25,3.0,1,ok,chaotic-candidate,chaotic,ambiguous,mixed,0.030001041702836902,2.7323144614379027,0.7121913580246914,0.10918367346938776,13.900602409638553,3.0960789580550916,1.822521023015061,0.7143312021196951,0.013844648628736722,0.26244611826982595,0.38290578438527617,0.9110035976278069,0.31516516236772624,1.0,chaotic-candidate,0.030001041702836902,1.9857120983025305,0.3857253086419753,0.21326530612244898,7.438988095238095,1.7428734723395454,0.7459162548669682,0.5268062101994635,0.020621417523632533,0.46307319595678303,0.5409744124378649,0.661024156685105,0.2604746025555187,1.0000000000000002,chaotic,0.030001041702836902,3.077435785724428,0.6977623456790123,0.1489795918367347,6.240855762594893,1.6251808190254433,2.150865684478063,0.4859434516769106,0.0071896441568031835,0.4916905022151477,0.3972917619757195,0.8650586751400002,0.3895642795107086,0.9999999999999998,ambiguous
spheroid_1_0p7_0p7_rho0p1_E0p25_sep3_run02,spheroid_1_0p7_0p7,0.1,0.25,3.0,2,ok,quasi-periodic,chaotic,ambiguous,mixed,0.030001041702836902,2.344976907918665,0.8820216049382716,0.2357142857142857,42.18081180811808,4.196959493399473,1.1351059009652786,0.5825059872629053,0.008911329775599781,0.1524731620070017,0.42489952162521516,0.8514322424800744,0.2706598883600554,0.9999999999999999,quasi-periodic,0.030001041702836902,2.6835506677725456,0.9265432098765433,0.15816326530612246,25.17400419287212,3.4439769917388032,0.7768088967641228,0.39939096504860466,0.021348829090146224,0.4111253193698449,0.4358226666822543,0.8899951689573187,0.21705574126370458,1.0,chaotic,0.030001041702836902,4.642366592824338,0.9635802469135802,0.12142857142857143,36.6217008797654,3.9642673696058646,2.8790599527497083,0.4853143373575688,0.007897005020801564,0.13082989532169895,0.3862574129747054,0.9679363762138586,0.21100798427702377,1.0,ambiguous
spheroid_1_0p7_0p7_rho0p1_E0p25_sep8_run01,spheroid_1_0p7_0p7,0.1,0.25,8.0,1,ok,chaotic,ambiguous,periodic,mixed,0.030001041702836902,2.759355333983706,0.7715277777777778,0.22142857142857142,18.90170132325142,3.287466960720065,1.1708528636536788,0.7770056025065786,0.0293073241546779,0.5532755987526661,0.32156401161867953,0.9780516320919311,0.4321559098529035,1.0,chaotic,0.030001041702836902,1.873236354716283,0.955787037037037,0.1520408163265306,27.04585152838428,3.515649307428889,1.6257075840199182,0.9589421094940825,0.0042791729139284845,0.0889892289960582,0.23163752769223703,0.9837728728035734,0.6561237187887213,1.0,ambiguous,0.030001041702836902,3.4728693250693317,0.8145061728395062,0.3979591836734694,27.34715025906736,2.9369697165608892,2.2017230448916543,0.8335938754007581,0.006888844334369814,0.12426941546520735,0.2638797910349199,0.9640317120376614,0.6088933362941409,1.0,periodic
spheroid_1_0p7_0p7_rho0p1_E0p25_sep8_run02,spheroid_1_0p7_0p7,0.1,0.25,8.0,2,ok,ambiguous,chaotic,ambiguous,ambiguous,0.030001041702836902,2.7385522012601307,0.9008487654320988,0.1520408163265306,39.30976430976431,4.088484794198406,1.6344099562392502,0.6391735819838373,0.008143780474174207,0.15469819793809209,0.3471873581452042,0.9238940852438556,0.39101966931482957,0.9999999999999998,ambiguous,0.030001041702836902,2.5859554878722975,0.7738425925925926,0.11020408163265306,24.460975609756098,3.348508911110244,0.7864445574613532,0.36135508834672103,0.03061379784947136,0.5421391420149454,0.4092468188722455,0.9348728851142339,0.17495094950798823,1.0,chaotic,0.030001041702836902,3.855496454310548,0.750462962962963,0.18571428571428572,22.67132867132867,2.654903361933433,2.804649428465263,0.6333792043307716,0.0030617440771444097,0.06004377987998048,0.30477369678939664,0.990911102000727,0.29513364665600195,1.0,ambiguous
spheroid_1_0p7_0p7_rho0p1_E4_sep3_run01,spheroid_1_0p7_0p7,0.1,4.0,3.0,1,ok,periodic,periodic,quasi-periodic,periodic,0.030001041702836902,2.4726315045859173,0.9939814814814815,0.9295918367346939,81.01886792452831,3.6142492759110656,0.46724662227242314,0.5722824827819629,0.00036113594814071904,0.007146193392463769,0.26362379310975453,0.999269539423107,0.40983058030206004,0.9999999999999999,periodic,0.030001041702836902,1.7802290639430187,0.9309413580246914,0.753061224489796,20.801724137931036,2.186737789654363,0.3050771341609725,0.5905672807289479,0.0004820200978429961,0.01631966474310668,0.2854677705881325,0.9973025217269181,0.35562749304938523,1.0,periodic,0.030001041702836902,5.1985917870264835,0.905787037037037,0.7173469387755103,17.3397341211226,2.4194877530854084,4.348433882201752,0.6693900802206062,0.0004945833250413177,0.06077786125449933,0.3805671192909838,0.9541174894331943,0.24488039598570255,0.9999999999999999,quasi-periodic
spheroid_1_0p7_0p7_rho0p1_E4_sep3_run02,spheroid_1_0p7_0p7,0.1,4.0,3.0,2,ok,periodic,periodic,periodic,periodic,0.030001041702836902,2.104723668165791,0.9762345679012345,0.9275510204081633,30.486746987951808,2.5000154594803896,0.9689947961067937,0.009367072809404511,0.0015186798055320941,0.02614447866023643,0.21503908469511598,0.999597661383982,0.46129376047212245,1.0,periodic,0.030001041702836902,1.455258894392705,0.9654320987654321,0.9030612244897959,39.97444089456869,2.114130650699002,0.6581810022551977,0.010098926445776944,-0.0025207765052746335,0.006252752846978825,0.2092245596464064,0.9996381080297995,0.4207229071424807,0.9999999999999998,periodic,0.030001041702836902,3.443055264418358,0.9775462962962963,0.926530612244898,38.50759878419453,2.4654881896433687,1.2194458880949188,0.10012857391254151,0.0002122582709154189,0.007911380307493278,0.3001954945616076,0.998788136897334,0.2811456957111802,1.0,periodic
spheroid_1_0p7_0p7_rho0p1_E4_sep8_run01,spheroid_1_0p7_0p7,0.1,4.0,8.0,1,ok,periodic,periodic,quasi-periodic,periodic,0.030001041702836902,2.2206334182436858,0.9496913580246914,0.9326530612244898,19.111801242236027,1.9520719119646426,1.0939886304677608,0.0065793424679291964,0.0006364197236759805,0.02273169697988119,0.20050504307325334,0.9995218047979678,0.5604323381831223,0.9999999999999998,periodic,0.030001041702836902,1.6386234158937203,0.9941358024691358,0.7979591836734694,127.56435643564356,3.4305791011234485,0.5489544752829978,0.7307358610469178,-0.0007605111351694853,0.0,0.25612294218893844,0.9962011180595365,0.4531907359862697,1.0,periodic,0.030001041702836902,4.247006130446227,0.9775462962962963,0.8183673469387756,32.23664122137404,2.2908534683114907,2.8746101330894716,0.0031360679532085605,0.00023266953212561318,0.028436091500506057,0.34777145411067356,0.982817920622569,0.2293332291964678,1.0,quasi-periodic
spheroid_1_0p7_0p7_rho0p1_E4_sep8_run02,spheroid_1_0p7_0p7,0.1,4.0,8.0,2,ok,quasi-periodic,periodic,quasi-periodic,quasi-periodic,0.030001041702836902,1.895567165119485,0.9773148148148149,0.7673469387755102,48.159695817490494,2.4920385859031415,0.2264045096251439,0.2944588823010827,0.0022555426835343105,0.044830457683085356,0.31549107560977135,0.9945554707224977,0.24022674707605338,1.0000000000000004,quasi-periodic,0.030001041702836902,1.688649763120075,0.9872685185185185,0.8877551020408163,50.374015748031496,3.2283668446494342,0.2769289926193761,0.3395881122281935,-0.00039594177531033104,0.01116595509257226,0.2745031873371548,0.9981374130962549,0.3769859159545465,1.0,periodic,0.030001041702836902,4.265933680160278,0.9287808641975308,0.9346938775510204,23.555772994129157,2.031699446584996,2.921575768635602,0.1333461327774804,-0.0025414779218611936,0.2016077620132561,0.31831446313724504,0.9930775329182072,0.24351566810774966,1.0,quasi-periodic
spheroid_1_0p7_0p7_rho0p1_E16_sep3_run01,spheroid_1_0p7_0p7,0.1,16.0,3.0,1,ok,periodic,periodic,periodic,periodic,0.030001041702836902,1.8197051795175962,0.96875,0.9459183673469388,35.97421203438395,2.067413840156186,0.7474552226664972,0.0,-4.129659645922727e-05,0.01219433670604179,0.2121567295798278,0.9999447536286963,0.3896440970440513,1.0,periodic,0.030001041702836902,1.8390369704822715,0.9917438271604938,0.9469387755102041,78.85276073619632,2.5899870952042643,0.6955859542992,0.009104730423041982,-4.95243718373796e-06,0.019559573922686768,0.21367606641418205,0.9998647900816262,0.3542851201468031,0.9999999999999999,periodic,0.030001041702836902,3.501549066221408,0.9784722222222222,0.9469387755102041,98.30232558139535,2.0713367241149463,0.9026756674237468,0.0,-4.9956489015598036e-05,0.0073116342919009,0.2986583487844336,0.999594046784744,0.24377588228932098,1.0,periodic
spheroid_1_0p7_0p7_rho0p1_E16_sep3_run02,spheroid_1_0p7_0p7,0.1,16.0,3.0,2,ok,periodic,periodic,periodic,periodic,0.030001041702836902,0.722565247105621,0.9831790123456791,0.5346938775510204,42.332225913621265,3.551777277219034,0.15179610475608696,0.38007940071889745,0.0009202733640177002,0.04596550209549583,0.2043901309410485,0.9998446818068762,0.49588626608883957,1.0,periodic,0.030001041702836902,1.9127499893181261,0.9975308641975309,0.9153061224489796,74.29885057471265,3.738308785746341,0.9820923371532593,0.016770566518676148,0.0013939494555033976,0.02222171158520192,0.22196382681071042,0.9994466766358994,0.39710676957056346,1.0,periodic,0.030001041702836902,3.1193413329411985,0.9841820987654321,0.9183673469387755,52.9253112033195,2.6142200254041854,1.2877281394196434,0.005169562242334494,-0.00015806456865508878,0.0006485293126997088,0.2971266382412962,0.9992974624237932,0.3117930503565643,1.0,periodic
spheroid_1_0p7_0p7_rho0p1_E16_sep8_run01,spheroid_1_0p7_0p7,0.1,16.0,8.0,1,ok,periodic,periodic,periodic,periodic,0.030001041702836902,1.7171174958244013,0.9695987654320988,0.9377551020408164,34.71270718232044,2.1250767848333507,0.6690448153396009,0.05234945999736699,-0.0002955717262501502,0.0008774873321044177,0.1974464748148997,0.9998039589345351,0.4109482070275158,1.0,periodic,0.030001041702836902,2.024133196094479,0.9986111111111111,0.9377551020408164,179.75,3.4751340075619654,1.071811310806157,0.00423433247101078,-0.00019341752075191732,0.0,0.15880811459752567,0.9999393627999705,0.706000104673987,1.0000000000000002,periodic,0.030001041702836902,3.1995942151250962,0.9787808641975309,0.9387755102040817,41.72697368421053,2.2934942151875903,1.2373101486006108,0.0,-1.3769163571442933e-05,0.006397281809617459,0.28153167321804734,0.9993989518354958,0.26539612617266656,1.0000000000000002,periodic
spheroid_1_0p7_0p7_rho0p1_E16_sep8_run02,spheroid_1_0p7_0p7,0.1,16.0,8.0,2,ok,periodic,chaotic-candidate,periodic,periodic,0.030001041702836902,1.551087363742264,0.9943672839506172,0.3295918367346939,45.86120996441281,4.049863326586993,0.5552198558221875,0.1767002759069726,0.0046182833785135815,0.0787979948475779,0.32522668676735966,0.9932100012664212,0.34242706704836023,1.0,periodic,0.030001041702836902,2.017424554338535,0.9959876543209877,0.14591836734693878,32.18952618453865,4.078492578706124,1.330403224259895,0.2676288163869628,0.012438113561466888,0.2132446843403857,0.2653320078940569,0.9809360986463863,0.4222514818008118,1.0,chaotic-candidate,0.030001041702836902,4.4996509367901565,0.9972222222222222,0.676530612244898,55.467811158798284,3.974987330156192,3.004142781691926,0.1133973967093272,0.003701095692200151,0.057681646681601105,0.30001059234921634,0.9535659429039799,0.5257141456387538,1.0,periodic
spheroid_1_0p7_0p7_rho0p03_E0p25_sep3_run01,spheroid_1_0p7_0p7,0.03,0.25,3.0,1,ok,ambiguous,periodic,ambiguous,ambiguous,0.030001041702836902,1.6178357390241336,0.8983796296296296,0.2,53.408256880733944,4.314339806904962,1.2583997863032295,0.5284222318955171,0.010697551301133632,0.1743797845197063,0.38602920388211015,0.9163680164229008,0.32396141083507,1.0000000000000002,ambiguous,0.030001041702836902,1.261786925296603,0.9393518518518519,0.4122448979591837,72.03550295857988,3.8668089809905664,0.7551949480335651,0.729454113204356,0.0118672769443908,0.1923886416959537,0.30665810837418445,0.9760806887816444,0.3997248559738455,1.0,periodic,0.030001041702836902,1.688031829070904,0.6751543209876543,0.22551020408163266,62.05673758865248,3.732969548388786,1.4979541778804562,0.4479517711101777,0.0064504733281570085,0.11855919621148106,0.23800882756185826,0.9891131385366299,0.5314030580188701,1.0,ambiguous
spheroid_1_0p7_0p7_rho0p03_E0p25_sep3_run02,spheroid_1_0p7_0p7,0.03,0.25,3.0,2,ok,ambiguous,chaotic-candidate,periodic,mixed,0.030001041702836902,0.39635929652706425,0.9990740740740741,0.17653061224489797,56.54148471615721,4.693031008796468,0.7507859959265144,0.7866933515002741,0.00308703420697434,0.052866313922007205,0.03229058847851106,0.9999999814922964,0.9508139105244768,0.9999999999999998,ambiguous,0.030001041702836902,0.48182690450488475,0.9977623456790123,0.13979591836734695,34.11873350923483,4.293580135449566,0.5218405225961402,0.5860478100643547,0.05296701863413838,0.8487207251138541,0.02088442456092633,0.9999999048018994,0.9723132069020488,1.0,chaotic-candidate,0.030001041702836902,1.4879091301390568,0.9975308641975309,0.5428571428571428,275.06382978723406,3.780023413071668,1.2983429408763785,0.0,-0.0002889482447812948,0.0013073756223071567,0.024109996025785913,0.9999997794497993,0.9666465997295218,1.0000000000000002,periodic
spheroid_1_0p7_0p7_rho0p03_E0p25_sep8_run01,spheroid_1_0p7_0p7,0.03,0.25,8.0,1,ok,chaotic,chaotic,chaotic,chaotic,0.030001041702836902,3.019031423511484,0.8165123456790123,0.19795918367346937,29.977337110481585,3.809092871975294,1.6270796978939068,0.7901788208016672,0.02456715296525579,0.43259062294940404,0.6960111380256159,0.4364788888567408,0.16436657865012794,1.0000000000000002,chaotic,0.030001041702836902,2.280182633786735,0.9081018518518519,0.07857142857142857,22.85242718446602,3.784193504493625,1.548569041847255,0.7042943879990006,0.025746685893884787,0.4349256532539954,0.3836387315587833,0.8286652514298704,0.5277013452876154,1.0,chaotic,0.030001041702836902,4.172156841415192,0.770216049382716,0.12551020408163266,25.79328165374677,3.7845052349198745,2.1105043223148865,0.4371500862870817,0.018080756180603622,0.3177552708656182,0.5871369864211097,0.5986692446496391,0.23759337870909308,1.0,chaotic
spheroid_1_0p7_0p7_rho0p03_E0p25_sep8_run02,spheroid_1_0p7_0p7,0.03,0.25,8.0,2,ok,chaotic,chaotic,chaotic-candidate,chaotic,0.030001041702836902,2.213365815891985,0.8698302469135802,0.08877551020408163,20.875925925925927,3.711349244949923,0.9569170868925729,0.5287516816087325,0.036521770519905586,0.5920429943365448,0.4404394750340917,0.7856273241433568,0.24167992034955485,1.0,chaotic,0.030001041702836902,2.3401050418134317,0.9120370370370371,0.5183673469387755,45.46153846153846,4.179291254270965,0.585669454729513,0.5954361925508123,0.02168567418567305,0.3516131523855585,0.44175439773425484,0.8547273387566103,0.1819824384759899,1.0,chaotic,0.030001041702836902,4.493310680838224,0.3934413580246914,0.10408163265306122,22.073593073593074,3.6265387538616616,2.972930738410029,0.42564999756102845,0.015852379857550117,0.2805629369436259,0.5023531297255848,0.6629031951807542,0.30995721269021076,1.0,chaotic-candidate
spheroid_1_0p7_0p7_rho0p03_E4_sep3_run01,spheroid_1_0p7_0p7,0.03,4.0,3.0,1,ok,quasi-periodic,periodic,quasi-periodic,quasi-periodic,0.030001041702836902,2.3353930856869316,0.9977623456790123,0.46122448979591835,62.771844660194176,3.952336927702453,0.5682673901467254,0.12143989646507641,-0.001084098213442244,0.0,0.32235450143757677,0.9951934524294526,0.26614036552105236,1.0,quasi-periodic,0.030001041702836902,1.6695532113855491,0.8752314814814814,0.4479591836734694,16.955156950672645,2.158529474665362,0.3512196466948809,0.5635443967255945,0.011443432788141698,0.17799122732444653,0.32582715033699516,0.9768593843212049,0.32828182999593764,1.0000000000000004,periodic,0.030001041702836902,4.696974851148836,0.819212962962963,0.3326530612244898,8.96706081081081,2.075884286397429,3.9380220892723012,0.38018359615385416,0.006248753690681725,0.1352537901682101,0.4198949842574783,0.9055067970907071,0.1709147008017422,1.0,quasi-periodic
spheroid_1_0p7_0p7_rho0p03_E4_sep3_run02,spheroid_1_0p7_0p7,0.03,4.0,3.0,2,ok,quasi-periodic,quasi-periodic,ambiguous,quasi-periodic,0.030001041702836902,2.494450469772512,0.9271604938271605,0.3806122448979592,22.97514340344168,2.1772347362327444,0.4681588060295069,0.10033628399448626,0.02018286818671808,0.3389871295077468,0.33314670606030716,0.9964590125917312,0.2545838127823417,1.0,quasi-periodic,0.030001041702836902,2.2458227759836196,0.9387345679012346,0.7030612244897959,21.881294964028775,2.565063664141841,0.860777438034464,0.31212980321548073,0.004837685453306942,0.10080865752734271,0.3498126905655583,0.9839852917426112,0.20465865090532737,1.0000000000000002,quasi-periodic,0.030001041702836902,4.5594208293620975,0.6087962962962963,0.35612244897959183,6.766723842195541,1.4793599233176424,3.222401136242549,0.31359231958766226,-0.0019212251096287552,0.3020083367243294,0.3935055388196618,0.9624286487336655,0.20257776588444124,1.0,ambiguous
spheroid_1_0p7_0p7_rho0p03_E4_sep8_run01,spheroid_1_0p7_0p7,0.03,4.0,8.0,1,ok,periodic,quasi-periodic,ambiguous,mixed,0.030001041702836902,1.5300404741405014,0.9734567901234568,0.4959183673469388,27.54585152838428,2.7142255081222455,0.29845618599998225,0.38257915719541613,0.01114202071293327,0.20685792354019963,0.25787050477809126,0.9926944666361162,0.46012947353403927,1.0,periodic,0.030001041702836902,1.9684089326954788,0.9320216049382716,0.6826530612244898,20.098169717138102,2.3034043758182836,0.40411285946462094,0.5532384518235574,0.012142223467368657,0.2114780138355648,0.35693185968591834,0.9763897024444473,0.22699707347291465,1.0,quasi-periodic,0.030001041702836902,3.9095071542565965,0.7128858024691358,0.4704081632653061,9.111439842209073,1.7032213133298222,2.478758772838991,0.38849939892436286,0.005985341873011994,0.490046578917954,0.35873803679995875,0.9762593426248497,0.22570263859099707,1.0000000000000002,ambiguous
spheroid_1_0p7_0p7_rho0p03_E4_sep8_run02,spheroid_1_0p7_0p7,0.03,4.0,8.0,2,ok,periodic,periodic,quasi-periodic,periodic,0.030001041702836902,1.9368667308325513,0.9457561728395062,0.5448979591836735,21.503508771929823,2.201705198565705,0.4160485782453815,0.32202894157725626,0.0011158202035828103,0.02126275952005198,0.25488395647849105,0.9961149758957037,0.454991533431296,1.0,periodic,0.030001041702836902,1.7394713537344395,0.9942129629629629,0.28877551020408165,62.2463768115942,4.217516669668481,0.4107976564348803,0.5295810266053972,0.013919090207545087,0.23032169649372491,0.2952486307564669,0.9828701746465868,0.38503314439902336,0.9999999999999998,periodic,0.030001041702836902,4.643631995216351,0.9335648148148148,0.7653061224489796,14.900246305418719,2.1686894650999564,3.3917090087595576,0.15839548657121716,0.0023346028597996016,0.12337054869754878,0.3455625924292242,0.9676246005746267,0.2334913399018961,1.0,quasi-periodic
spheroid_1_0p7_0p7_rho0p03_E16_sep3_run01,spheroid_1_0p7_0p7,0.03,16.0,3.0,1,ok,periodic,periodic,quasi-periodic,periodic,0.030001041702836902,1.984295663926445,0.9979166666666667,0.5183673469387755,101.83464566929133,3.5210852338466134,0.7407255463664382,0.023739230335080814,-0.00015698894011233165,0.0005376012180718843,0.22199446327984812,0.9997474744817515,0.5485666483331649,1.0,periodic,0.030001041702836902,2.484395838230514,0.9815586419753086,0.9479591836734694,37.86011904761905,2.7865891589545315,1.3251956099516597,1.0308816176659112,0.0027265729798449686,0.0693914356876403,0.22617382423830673,0.9994803780467177,0.5676361840100664,1.0000000000000002,periodic,0.030001041702836902,4.215567648347469,0.9878086419753086,0.9479591836734694,47.76865671641791,3.160218952483006,3.1577889926486957,0.02353804633087718,0.004135051305486258,0.061198648407828425,0.3461709832741264,0.9888567662908673,0.23664809476381987,1.0,quasi-periodic
spheroid_1_0p7_0p7_rho0p03_E16_sep3_run02,spheroid_1_0p7_0p7,0.03,16.0,3.0,2,ok,quasi-periodic,periodic,quasi-periodic,quasi-periodic,0.030001041702836902,2.3926364944469025,0.9676697530864198,0.5714285714285714,32.74412532637076,2.5624589417491586,0.30593169512430446,0.0016871336208278886,-0.003056944173270716,0.0,0.321190147050809,0.9995670154544425,0.23675510959099355,0.9999999999999998,quasi-periodic,0.030001041702836902,2.038499135341288,0.9727623456790123,0.926530612244898,30.160287081339714,2.3950571071935056,0.9041110326899082,0.006332189965271928,0.0017919173465053694,0.040210557790528914,0.2068364404398737,0.9998513277363518,0.44632919404942095,0.9999999999999998,periodic,0.030001041702836902,4.094999484172015,0.8891203703703704,0.9295918367346939,13.260069044879172,1.9231761132083645,2.4448705871131486,0.0056605798367913695,0.00308360936565459,0.204432865065584,0.31366890863150987,0.9993183065284643,0.23444595168261143,1.0,quasi-periodic
spheroid_1_0p7_0p7_rho0p03_E16_sep8_run01,spheroid_1_0p7_0p7,0.03,16.0,8.0,1,ok,periodic,periodic,quasi-periodic,periodic,0.030001041702836902,1.922072435478397,0.9936728395061728,0.9377551020408164,119.24074074074075,2.9285388894069944,0.7773602436478837,0.00794032365869546,9.089357153466508e-05,0.005592335209935214,0.22469689084789485,0.9995421223962547,0.40205321887945755,1.0,periodic,0.030001041702836902,2.426488160817938,0.962037037037037,0.513265306122449,28.530892448512585,2.0445114883792423,0.2511315755444111,0.012220230285033017,0.006144384149784755,0.09536818177472892,0.29708785751758177,0.9998551543473284,0.28968303742204515,1.0,periodic,0.030001041702836902,4.223124681872662,0.9145061728395062,0.939795918367347,18.177914110429448,1.808094962828267,1.7305579704278307,0.0,0.0009894506492958085,0.10228175188300079,0.3560271414942396,0.9939139240239642,0.2016795576978184,1.0,quasi-periodic
spheroid_1_0p7_0p7_rho0p03_E16_sep8_run02,spheroid_1_0p7_0p7,0.03,16.0,8.0,2,ok,periodic,periodic,ambiguous,periodic,0.030001041702836902,2.1468308535918643,0.964891975308642,0.8295918367346938,28.227990970654627,2.5195585988404012,0.3791459212154582,0.14604616826682132,0.0013920927158735763,0.03652044630929433,0.3328897001667163,0.9974626987616988,0.2859809727289672,1.0,periodic,0.030001041702836902,2.0204602865713754,0.9477623456790123,0.3979591836734694,27.235033259423503,2.774925203556725,0.6223684964474099,0.24000856682674718,0.01047719813189799,0.19381636220542078,0.3414858691322148,0.9883770823679687,0.29372237593612344,1.0,periodic,0.030001041702836902,5.281266713583538,0.8680555555555556,0.07142857142857142,8.284241531664213,2.124056279836808,4.053416741496523,0.9257747511517747,0.00741276973456875,0.22105132414173936,0.41265894681955156,0.9257946756790921,0.15162172541917782,1.0,ambiguous
ellipsoid_1_0p8_0p6_rho1_E0p25_sep3_run01,ellipsoid_1_0p8_0p6,1.0,0.25,3.0,1,ok,periodic,chaotic,quasi-periodic,mixed,0.030001041702836902,2.0852667700986025,0.9768518518518519,0.513265306122449,21.979166666666668,3.541575777123288,0.7259062717902154,0.20494873860412677,0.036456441785240955,0.6117937524213857,0.215735838109499,0.9842328641430471,0.6048069972963331,1.0,periodic,0.030001041702836902,3.105707767176178,0.9298611111111111,0.11938775510204082,14.19434628975265,3.0975196261108278,1.6259265967807335,0.6257565696490034,0.020142774261284406,0.3610798910121548,0.5686194036318452,0.6245824133818032,0.16755480630783323,1.0,chaotic,0.030001041702836902,4.230043432624239,0.964429012345679,0.3479591836734694,19.22923076923077,3.156532276745615,2.6320631007731365,0.4189888474725257,0.009377777599009476,0.18713158448100953,0.42819061438616496,0.8634790149906676,0.2837662852723455,1.0000000000000002,quasi-periodic
ellipsoid_1_0p8_0p6_rho1_E0p25_sep3_run02,ellipsoid_1_0p8_0p6,1.0,0.25,3.0,2,ok,quasi-periodic,ambiguous,quasi-periodic,quasi-periodic,0.030001041702836902,2.3766943117193935,0.94375,0.5908163265306122,19.79126213592233,2.6554317018791154,0.941162754602945,0.384013255340685,0.0028572303027717466,0.10089457333169567,0.3751941762746738,0.9662097701507868,0.18547677558094938,1.0,quasi-periodic,0.030001041702836902,2.3157255429619354,0.558641975308642,0.5795918367346938,20.626780626780626,2.6471425414142318,1.1020571274801463,0.7489909235474821,0.008349657644452307,0.21564808003793368,0.24798865989396596,0.9904418455331357,0.4834502975348301,1.0,ambiguous,0.030001041702836902,4.096474456021767,0.9145833333333333,0.8663265306122448,15.637203166226913,1.984887525373171,2.2032259682164295,0.08261376428887945,0.0017813973564222354,0.12467681934664207,0.3482352909500543,0.9816578467466155,0.2265177682112345,1.0000000000000002,quasi-periodic
ellipsoid_1_0p8_0p6_rho1_E0p25_sep8_run01,ellipsoid_1_0p8_0p6,1.0,0.25,8.0,1,ok,periodic,ambiguous,quasi-periodic,mixed,0.030001041702836902,2.034026150923377,0.9442901234567901,0.9357142857142857,28.263279445727484,3.0614781654932854,0.8703145865890223,0.12155720972615054,0.006240203881535512,0.13449807849891193,0.2372265400006212,0.9894647660241264,0.3628363672975232,1.0000000000000002,periodic,0.030001041702836902,2.487064725193024,0.7989969135802469,0.5275510204081633,9.871306005719733,2.0258554310460966,1.2472204800860205,0.7725626572887526,0.008800387720782954,0.37364082811670973,0.3793026478744514,0.9594860430435433,0.20717250011166086,1.0,ambiguous,0.030001041702836902,3.8135201328118615,0.9023148148148148,0.8887755102040816,12.206680584551147,1.9079042920648248,2.181046116552898,0.21987806489019474,0.0017736322143165003,0.18683702134761132,0.34467896274139637,0.9824650239991987,0.20202912484571428,1.0000000000000002,quasi-periodic
ellipsoid_1_0p8_0p6_rho1_E0p25_sep8_run02,ellipsoid_1_0p8_0p6,1.0,0.25,8.0,2,ok,chaotic-candidate,quasi-periodic,quasi-periodic,quasi-periodic,0.030001041702836902,3.2037909901587405,0.8986111111111111,0.1989795918367347,13.880810488676996,2.962446702867138,1.4513641236164039,0.6231060764065106,0.013868159199151882,0.2707003072887912,0.5909496311990422,0.6080894424275304,0.09826114773006449,1.0,chaotic-candidate,0.030001041702836902,3.0318288064994983,0.8383487654320988,0.7928571428571428,15.588235294117647,2.5968796862284043,1.2853340963325097,0.025230073339441564,0.0019240078038380028,0.056658526672594564,0.4552195530393149,0.8364149158257371,0.20834864045472232,1.0,quasi-periodic,0.030001041702836902,4.507210095157517,0.9310956790123457,0.22142857142857142,13.886075949367088,2.7727348139683414,3.3449155313017163,0.25594897270103406,0.004261575326058417,0.08932096446982664,0.4953238476775685,0.7968051529457153,0.17523292838715573,1.0,quasi-periodic
ellipsoid_1_0p8_0p6_rho1_E4_sep3_run01,ellipsoid_1_0p8_0p6,1.0,4.0,3.0,1,ok,quasi-periodic,periodic,quasi-periodic,quasi-periodic,0.030001041702836902,2.3879607081369745,0.9827160493827161,0.3673469387755102,25.320079522862823,3.659042594347542,0.8678202768929353,0.35902570959579383,0.004216561339031886,0.07884536499228782,0.4032306156160377,0.8531948060962733,0.2731638981896192,1.0000000000000002,quasi-periodic,0.030001041702836902,2.3073639991159296,0.9459876543209876,0.4663265306122449,24.37375745526839,3.267172846836172,0.9195828483961705,0.3137636942050493,0.003905749909904137,0.0819421580685069,0.3605313944249785,0.8811140709701579,0.3336618882333993,1.0,periodic,0.030001041702836902,4.253446893602023,0.9728395061728395,0.49489795918367346,31.054187192118228,3.6053597348387747,2.7995247254028772,0.5115647306939244,0.005643055152544202,0.09669745960449187,0.3490361550870531,0.9458895424246859,0.21026569043386062,1.0,quasi-periodic
ellipsoid_1_0p8_0p6_rho1_E4_sep3_run02,ellipsoid_1_0p8_0p6,1.0,4.0,3.0,2,ok,periodic,periodic,periodic,periodic,0.030001041702836902,2.07569394282614,0.9349537037037037,0.9357142857142857,22.691011235955056,2.821925600342685,0.689640253579084,0.021725406946909373,0.0018570547057750713,0.032106617968805616,0.25372453445233245,0.992665990831506,0.4228039674042397,0.9999999999999996,periodic,0.030001041702836902,2.4725487196353964,0.9667438271604938,0.9346938775510204,34.326027397260276,2.7676533618645363,1.2724913850177257,0.04582682317004741,0.00027533867490511945,0.015547504738232843,0.20185320798782935,0.9953362422252918,0.6131888963357085,1.0000000000000002,periodic,0.030001041702836902,2.823428420944873,0.9772376543209876,0.9357142857142857,37.359882005899706,2.8368661227762257,1.3978115736921608,0.06453102713288363,0.002427394922595183,0.049954605167166974,0.23003306742338855,0.9917293407001343,0.44969714267407945,1.0000000000000002,periodic
ellipsoid_1_0p8_0p6_rho1_E4_sep8_run01,ellipsoid_1_0p8_0p6,1.0,4.0,8.0,1,ok,periodic,periodic,periodic,periodic,0.030001041702836902,1.7852905718657337,0.9918981481481481,0.9459183673469388,91.17021276595744,3.125462262939186,0.9458486720754447,0.006910020786121138,0.0005147400348207693,0.011416130880639017,0.11991417896983879,0.9998605774202224,0.800383188297439,1.0,periodic,0.030001041702836902,1.6724444262835243,0.9790123456790123,0.926530612244898,40.27936507936508,3.0359402875226396,0.9294777134139879,0.1467018559702472,0.0035639592935994054,0.07238318599676904,0.20266269138119064,0.9974750828642499,0.46333536431048106,1.0,periodic,0.030001041702836902,3.3860869074747435,0.9697530864197531,0.9479591836734694,27.02795698924731,3.044299442227547,2.6307190753946386,0.37666131956568416,0.0006696051644746866,0.04059852539506104,0.26417958439464484,0.9957244013446324,0.37040056770201135,1.0,periodic
ellipsoid_1_0p8_0p6_rho1_E4_sep8_run02,ellipsoid_1_0p8_0p6,1.0,4.0,8.0,2,ok,periodic,periodic,periodic,periodic,0.030001041702836902,1.2217107853457336,0.9591820987654321,0.49081632653061225,27.50221238938053,3.0796265639775613,0.37317188846721844,0.17853217231631763,0.00140861592797139,0.03198786943569604,0.22202533349140435,0.9945873677643471,0.40486754532493174,0.9999999999999998,periodic,0.030001041702836902,1.6056061230436383,0.9716820987654321,0.539795918367347,30.94103194103194,3.1914921150008158,0.6116699184893952,0.018362265318308015,0.0016424975168269347,0.02952578972727082,0.2397345519259501,0.9963633010147154,0.3907645945490835,1.0,periodic,0.030001041702836902,3.2884891166699615,0.9792438271604939,0.7806122448979592,39.78369905956113,2.867170893046776,2.0124675701660895,0.06914041210397102,0.00492479105533338,0.09717321812166314,0.2871888316299962,0.9931121497788736,0.23935158687122116,1.0,periodic
ellipsoid_1_0p8_0p6_rho1_E16_sep3_run01,ellipsoid_1_0p8_0p6,1.0,16.0,3.0,1,ok,quasi-periodic,periodic,quasi-periodic,quasi-periodic,0.030001041702836902,2.4216476012385693,0.9665895061728395,0.889795918367347,35.893982808022926,2.8726042688097633,0.991876476814509,0.09052873743929302,0.00013620177353873948,0.015812610695326176,0.3520393010977711,0.9810851397589725,0.24399082246725812,1.0,quasi-periodic,0.030001041702836902,2.4507114917862727,0.9689043209876543,0.9387755102040817,44.371024734982335,2.4947311943071733,1.3365543830005686,0.35597332284919325,0.0013410252421039517,0.0610869307276947,0.2801209574345664,0.9899348335386661,0.34348944765141,1.0,periodic,0.030001041702836902,4.280855917856014,0.929320987654321,0.9377551020408164,23.477582846003898,2.66717297446954,2.9415653748933197,0.12473251466734843,0.004840709432885059,0.10121063462294624,0.3182592960772109,0.9867262602498933,0.23254984553593555,1.0000000000000002,quasi-periodic
ellipsoid_1_0p8_0p6_rho1_E16_sep3_run02,ellipsoid_1_0p8_0p6,1.0,16.0,3.0,2,ok,periodic,periodic,quasi-periodic,periodic,0.030001041702836902,0.6967794857910696,0.9614197530864198,0.823469387755102,25.850622406639005,2.421519002805095,0.2762844883780422,0.3651684969229489,-0.0002344935087294264,0.011747572697832765,0.19191872262525858,0.9992260161510171,0.4844004486914214,1.0000000000000002,periodic,0.030001041702836902,1.964202963487449,0.9696759259259259,0.9112244897959184,25.336693548387096,3.319560604003823,0.479417210415481,0.00761721391568385,-0.0012072293462168048,0.02220630229646626,0.27424512481538477,0.9791787568575379,0.413988749366915,1.0,periodic,0.030001041702836902,3.6750150783923248,0.9766203703703704,0.889795918367347,50.226190476190474,3.252641266520658,1.9302867056497428,0.08464404282532773,0.004930377092838813,0.0908907124573918,0.3063249712650957,0.9826973761709753,0.2513043909380365,1.0,quasi-periodic
ellipsoid_1_0p8_0p6_rho1_E16_sep8_run01,ellipsoid_1_0p8_0p6,1.0,16.0,8.0,1,ok,periodic,periodic,periodic,periodic,0.030001041702836902,1.2662711072314556,0.9960648148148148,0.9051020408163265,72.52247191011236,3.672243547724777,0.26309251680900275,0.16143533934994742,0.0014205673431158213,0.026933624665282926,0.21655170665952156,0.9993739502379928,0.47856460902857534,0.9999999999999999,periodic,0.030001041702836902,1.4026985519980177,0.9794753086419753,0.8887755102040816,36.16524216524216,3.2160299165114345,0.46574148129807125,0.33000350771103726,0.0005491747262562518,0.01747516999548434,0.22505339959366305,0.99763363723453,0.48236088383135245,1.0000000000000002,periodic,0.030001041702836902,4.067061423001039,0.9719907407407408,0.9326530612244898,26.745222929936304,2.9311589620137375,2.8341622396362878,0.007014362717399431,0.007323007811706138,0.12876606928747186,0.2875740968589629,0.9936497309859366,0.3209452358037463,1.0000000000000002,periodic
ellipsoid_1_0p8_0p6_rho1_E16_sep8_run02,ellipsoid_1_0p8_0p6,1.0,16.0,8.0,2,ok,periodic,periodic,quasi-periodic,periodic,0.030001041702836902,1.2318335471723647,0.9705246913580247,0.9071428571428571,38.82098765432099,2.9419073541323675,0.3595047605434514,0.8197669468266542,-0.00048030953160408345,0.011846174359655378,0.21512369616368343,0.9976285012006278,0.4530650655698903,1.0000000000000002,periodic,0.030001041702836902,2.5631259784557296,0.9631944444444445,0.936734693877551,33.829268292682926,2.135286948588967,1.3289940897995423,0.2865267671624226,0.0006866617996660396,0.05535541329332838,0.27653155330437407,0.9938994633113006,0.3800221188189184,0.9999999999999998,periodic,0.030001041702836902,3.850330490627597,0.9898148148148148,0.8581632653061224,31.99002493765586,2.599619618245701,2.5874770174677115,0.050629180123642925,0.0019168751597653964,0.039148865400464715,0.3130977975345273,0.9828918921912191,0.22032784510276623,1.0000000000000002,quasi-periodic
ellipsoid_1_0p8_0p6_rho0p1_E0p25_sep3_run01,ellipsoid_1_0p8_0p6,0.1,0.25,3.0,1,ok,chaotic,chaotic,chaotic,chaotic,0.030001041702836902,3.6916046312909145,0.6871913580246913,0.05204081632653061,9.617710583153348,2.652153842324675,2.2133971088485085,0.6045114427534672,0.029801288702729137,0.5535224510050649,0.6247851674389744,0.5409997252220696,0.23212365881901997,1.0000000000000002,chaotic,0.030001041702836902,3.4975388163675434,0.6797067901234568,0.10612244897959183,9.831473214285714,2.608274230818364,2.195514024142414,0.6086452946510187,0.020676505068603475,0.4300033270857352,0.571747236289247,0.674716323340623,0.12434954674132728,1.0,chaotic,0.030001041702836902,5.315665773732309,0.25763888888888886,0.05408163265306123,6.20631970260223,1.7642046227377721,4.134806679891943,0.6690692432989152,0.006074358408816442,0.24366317035341037,0.5688570282077664,0.6077892604167481,0.2927655048666616,1.0000000000000002,chaotic
ellipsoid_1_0p8_0p6_rho0p1_E0p25_sep3_run02,ellipsoid_1_0p8_0p6,0.1,0.25,3.0,2,ok,chaotic,ambiguous,ambiguous,ambiguous,0.030001041702836902,3.1552284114845146,0.6941358024691358,0.15714285714285714,13.327407407407408,2.7678018764825407,1.2443506175127246,0.93677747332033,0.018745169981611107,0.3473595826413913,0.4802043127320812,0.7242079293619142,0.4491045541296606,1.0,chaotic,0.030001041702836902,2.8875832798876,0.7210648148148148,0.17448979591836736,27.895522388059703,3.5994735264927233,1.5854994918102623,0.7112725883345313,0.008875009694344696,0.16691582107430272,0.43585161364443115,0.8555396998684385,0.2355171710811039,0.9999999999999999,ambiguous,0.030001041702836902,4.0594305026827024,0.9298611111111111,0.1520408163265306,15.39080459770115,2.848945629789214,2.5232219987581974,0.5084980666272544,0.006741561876851561,0.11744728163839828,0.3704315668629171,0.8708174913202342,0.461030507968193,1.0000000000000002,ambiguous
ellipsoid_1_0p8_0p6_rho0p1_E0p25_sep8_run01,ellipsoid_1_0p8_0p6,0.1,0.25,8.0,1,ok,chaotic,chaotic,chaotic-candidate,chaotic,0.030001041702836902,2.856706463404064,0.6731481481481482,0.21224489795918366,10.422939068100359,2.343514963751575,2.1246619280574435,0.7067075419615159,0.0206381157921896,0.45948999196499707,0.4619426142819236,0.8275751645855672,0.3082193765162586,1.0,chaotic,0.030001041702836902,2.9866289518480973,0.46751543209876545,0.12755102040816327,16.971988795518207,3.236129816924688,1.4570064302300654,0.7388845428585791,0.023766738534805498,0.464356722465472,0.5352663253269004,0.6465029313765651,0.24486436270967643,1.0000000000000002,chaotic,0.030001041702836902,4.239986292829768,0.7909722222222222,0.12755102040816327,14.337062937062937,2.9717442980901323,3.2883464197973162,0.5512509549790973,0.010597084888183837,0.21973530866704843,0.40296083471192884,0.8775915156259735,0.4020539907678641,1.0,chaotic-candidate
ellipsoid_1_0p8_0p6_rho0p1_E0p25_sep8_run02,ellipsoid_1_0p8_0p6,0.1,0.25,8.0,2,ok,chaotic,chaotic,chaotic-candidate,chaotic,0.030001041702836902,1.7059294355639514,0.8100308641975309,0.11530612244897959,24.077981651376145,3.802977064231908,0.6564837669654285,0.4402333826962991,0.030471031266779795,0.5155142072353044,0.2611862647756468,0.9870051685898354,0.5763199325353126,1.0000000000000002,chaotic,0.030001041702836902,1.7925382844699007,0.8654320987654321,0.13163265306122449,23.030800821355236,3.75895669933123,0.6030631821238546,0.43995700480450445,0.03161048904518491,0.5354203735969544,0.33368270215032153,0.9814603326916265,0.319439674978204,1.0,chaotic,0.030001041702836902,2.892452352302254,0.9945216049382716,0.07653061224489796,21.735244519392918,3.7222315928430203,2.39798804296272,0.5973581355832973,0.027352783317363127,0.44330014368706866,0.20164958011043893,0.9978667044344495,0.4241216931209538,1.0,chaotic-candidate
ellipsoid_1_0p8_0p6_rho0p1_E4_sep3_run01,ellipsoid_1_0p8_0p6,0.1,4.0,3.0,1,ok,chaotic,periodic,chaotic-candidate,mixed,0.030001041702836902,3.0468306653527395,0.9739969135802469,0.07959183673469387,18.70074074074074,3.5963894370497345,1.4887036228328059,0.6747806548670303,0.031533942342680726,0.5129003889029166,0.4723310306532577,0.7996823370298887,0.232425657932275,1.0,chaotic,0.030001041702836902,2.2399210151492586,0.9618827160493827,0.9285714285714286,24.882235528942115,2.5049635212135217,1.1616886061399923,0.00697535838561769,0.005069597409622279,0.08937454659959924,0.2069103312668092,0.9953061104141283,0.5566816748844035,1.0,periodic,0.030001041702836902,3.9267408503477568,0.9223765432098765,0.12244897959183673,10.721076233183856,2.389856831058764,2.4899658182313944,0.42574247297857504,0.012331606477238233,0.25202391662138884,0.38213657367852816,0.8936512983413841,0.24245140687248512,1.0,chaotic-candidate
ellipsoid_1_0p8_0p6_rho0p1_E4_sep3_run02,ellipsoid_1_0p8_0p6,0.1,4.0,3.0,2,ok,chaotic,quasi-periodic,chaotic-candidate,mixed,0.030001041702836902,2.638841703157324,0.9740740740740741,0.12959183673469388,19.94312796208531,3.639188980086667,1.2054839080316662,0.5157881132202661,0.028699113621777225,0.49926734710093607,0.5331217476345621,0.6809565511604038,0.1700776746115188,1.0,chaotic,0.030001041702836902,1.4292080962309517,0.9719135802469135,0.3816326530612245,25.549695740365113,3.286854212108799,0.3608623156612458,0.44237858325358365,0.010890280665179265,0.21730545523060993,0.399347817692452,0.9081142375643431,0.2139082539055192,1.0000000000000002,quasi-periodic,0.030001041702836902,4.163493087022689,0.9290123456790124,0.1846938775510204,15.221238938053098,2.914012040309889,2.7778326728725773,0.5469208165994157,0.011044148154711341,0.2626455849878954,0.4562177963814703,0.7919060397133568,0.23620518157355547,1.0,chaotic-candidate
ellipsoid_1_0p8_0p6_rho0p1_E4_sep8_run01,ellipsoid_1_0p8_0p6,0.1,4.0,8.0,1,ok,periodic,chaotic-candidate,quasi-periodic,mixed,0.030001041702836902,2.3520897927759967,0.9917438271604938,0.35714285714285715,48.68560606060606,3.790894025336158,2.141420702276748,1.276649410977008,0.009113394196062451,0.15595857200112956,0.33186315002438527,0.9462092738896257,0.3751118314044641,1.0,periodic,0.030001041702836902,2.8471539027378836,0.897608024691358,0.2714285714285714,18.946254071661237,2.9683759923249604,1.053099025816109,0.42673050811963775,0.012538731652810711,0.2502922643772507,0.48370628878657146,0.778003927080076,0.1870676617687474,1.0,chaotic-candidate,0.030001041702836902,4.0958457455445645,0.9787037037037037,0.9255102040816326,26.98723404255319,2.9475773028346266,2.4708461698384623,0.1515324853421938,0.0030087720816022305,0.05709604603806256,0.4159910777163113,0.9048437200542874,0.17494890841335678,1.0,quasi-periodic
ellipsoid_1_0p8_0p6_rho0p1_E4_sep8_run02,ellipsoid_1_0p8_0p6,0.1,4.0,8.0,2,ok,periodic,chaotic,quasi-periodic,mixed,0.030001041702836902,2.1189832232100243,0.9661265432098766,0.2642857142857143,25.243951612903224,3.2757372359453196,0.7946225178121159,0.32647769121898157,0.00614240428560384,0.11074984855307743,0.2824251499049692,0.9715969949885351,0.4666305338784698,1.0,periodic,0.030001041702836902,2.454933997958832,0.9641203703703703,0.19693877551020408,22.272727272727273,3.5234593153299816,1.160041342644591,0.5853840094882035,0.020040464998301925,0.3420515701059802,0.4022826424259752,0.919822528753883,0.2121771798972947,1.0,chaotic,0.030001041702836902,4.536464371692332,0.9060956790123457,0.3112244897959184,13.670547147846333,2.5016507472433855,3.2502566309074075,0.287436776967251,0.005160542096168483,0.13806870936129742,0.3834414985442804,0.9129836969544738,0.3785157740776243,1.0,quasi-periodic
ellipsoid_1_0p8_0p6_rho0p1_E16_sep3_run01,ellipsoid_1_0p8_0p6,0.1,16.0,3.0,1,ok,periodic,periodic,periodic,periodic,0.030001041702836902,1.059693079827027,0.9809413580246914,0.8887755102040816,43.98961937716263,3.033286494519334,0.2852795385103228,0.3843990722372618,0.004042156074223044,0.06673247182871789,0.20663906094194723,0.9942233786802405,0.46350004487551344,1.0,periodic,0.030001041702836902,2.017424173465136,0.9750771604938272,0.9295918367346939,29.734117647058824,2.9022296749571543,0.9589031670565649,0.10971742623114955,0.0061530255582772555,0.08403493818746732,0.22783906526655445,0.9943136705410934,0.38331096366694584,0.9999999999999998,periodic,0.030001041702836902,3.4173837665241753,0.9862654320987654,0.9295918367346939,37.156976744186046,3.398479265085238,1.655075215127874,0.0008979362699363825,0.005089567169948893,0.08191160109731942,0.30172442054508014,0.986433757785389,0.2817650053315305,0.9999999999999999,periodic
ellipsoid_1_0p8_0p6_rho0p1_E16_sep3_run02,ellipsoid_1_0p8_0p6,0.1,16.0,3.0,2,ok,periodic,periodic,quasi-periodic,periodic,0.030001041702836902,2.170604676581158,0.9849537037037037,0.9275510204081633,35.3601108033241,3.229253372889273,0.9554615346268374,0.01621423752785539,0.0009613387765404203,0.024917126156177187,0.22513650562600368,0.9940723446301772,0.44163695490057464,1.0,periodic,0.030001041702836902,1.504619351270956,0.9108796296296297,0.9418367346938775,19.32078559738134,2.3616565682478106,0.422671664391301,0.0,0.00028569233763848015,0.043571626174963296,0.21621288429950317,0.9956140775518496,0.5238085130634274,1.0000000000000002,periodic,0.030001041702836902,3.49346448250521,0.953395061728395,0.9030612244897959,29.004694835680752,2.5617344729422626,1.6548847780917595,0.0,0.002634912331884542,0.05705181200791189,0.31149880041100947,0.9865226181506307,0.27648407371260353,1.0000000000000002,quasi-periodic
ellipsoid_1_0p8_0p6_rho0p1_E16_sep8_run01,ellipsoid_1_0p8_0p6,0.1,16.0,8.0,1,ok,periodic,periodic,periodic,periodic,0.030001041702836902,2.184236184273299,0.9989197530864198,0.9387755102040817,116.63063063063063,4.1591403326179766,0.9049164488480018,0.7098392884552981,0.0004968633526454298,0.010853503093600085,0.17946758328241927,0.9994337236032362,0.6322077181303533,1.0000000000000002,periodic,0.030001041702836902,2.262065795236517,0.9829475308641975,0.7040816326530612,33.970666666666666,3.242974183762063,1.2871472156549433,0.13034531673219266,0.0051391650402118644,0.09671133739506058,0.20470521518861493,0.9877946953496489,0.581530947811531,1.0,periodic,0.030001041702836902,3.9637932567004794,0.9914351851851851,0.9040816326530612,63.60891089108911,3.5211758784655145,3.07455400878305,0.11896351370398704,0.0009201086959913759,0.014090340830098238,0.2907397824960588,0.9863343902420808,0.4465510773944586,1.0,periodic
ellipsoid_1_0p8_0p6_rho0p1_E16_sep8_run02,ellipsoid_1_0p8_0p6,0.1,16.0,8.0,2,ok,quasi-periodic,periodic,quasi-periodic,quasi-periodic,0.030001041702836902,2.863855308692243,0.9719135802469135,0.2826530612244898,29.99047619047619,3.689225192466406,1.085310489810442,0.18389513135481148,0.0098207728508438,0.14728316202999614,0.34571660854631314,0.9420698134662887,0.2569307772330161,1.0,quasi-periodic,0.030001041702836902,1.3702068699182224,0.9942129629629629,0.5857142857142857,84.76973684210526,3.7054330433688434,0.6273068406234987,0.3331231717499199,0.00016606913839677153,0.004426664065657898,0.19639751979983552,0.9988679654285834,0.48403090336145493,1.0,periodic,0.030001041702836902,4.900722608392623,0.9527777777777777,0.9346938775510204,21.28965517241379,2.3684605451399108,3.5523650503972197,0.5771725767063967,0.0009746013957486601,0.020110705051724714,0.3530803029964432,0.9574470785804736,0.21505045773748593,0.9999999999999997,quasi-periodic
ellipsoid_1_0p8_0p6_rho0p03_E0p25_sep3_run01,ellipsoid_1_0p8_0p6,0.03,0.25,3.0,1,incomplete,incomplete,incomplete,incomplete,incomplete,,,,,,,,,,,,,,,,,,,,,,,,,,,,,,,,,,,,,,,,,,,,,
ellipsoid_1_0p8_0p6_rho0p03_E0p25_sep3_run02,ellipsoid_1_0p8_0p6,0.03,0.25,3.0,2,ok,chaotic,chaotic,chaotic,chaotic,0.030001041702836902,3.618501111554651,0.7402006172839506,0.08061224489795918,24.916883116883117,3.6240274268087185,2.9176451531614216,0.8510138827330967,0.020035518369551256,0.42658132321684833,0.5463935104033297,0.7180863176671751,0.2290065807460603,1.0000000000000002,chaotic,0.030001041702836902,4.169561308391556,0.32901234567901233,0.06224489795918367,9.091684434968018,2.4111464458895004,2.829004858224324,0.7744460176667273,0.018878302998460696,0.4100110119854139,0.6729643915736576,0.4804881414166841,0.26037795103619493,1.0,chaotic,0.030001041702836902,5.236573298512274,0.4204475308641975,0.04897959183673469,7.762108262108262,2.146094787639016,4.184662158566573,0.6338955768009493,0.006458363792164547,0.2188308424634237,0.532909788757168,0.6541686461085999,0.3934339812785802,0.9999999999999998,chaotic
ellipsoid_1_0p8_0p6_rho0p03_E0p25_sep8_run01,ellipsoid_1_0p8_0p6,0.03,0.25,8.0,1,ok,ambiguous,ambiguous,periodic,ambiguous,0.030001041702836902,0.11103092693564247,0.3861111111111111,0.29081632653061223,14.504347826086956,2.2799132031455516,0.11681924020708019,0.24489574685139717,0.0016484645827229297,0.14176091448073433,0.1471971685795684,0.9928547747809869,0.7216234264713375,1.0,ambiguous,0.030001041702836902,0.4498173535680226,0.734104938271605,0.40408163265306124,30.789644012944983,2.3880699457799306,0.34350186195424776,0.1981350177512179,-0.006448554280520466,0.0,0.08714114756688075,0.9982593480345461,0.8967796277396086,1.0,ambiguous,0.030001041702836902,0.9293942184278027,0.9270833333333334,0.5887755102040816,69.45086705202313,2.6658778149795395,0.6445857879344904,0.24646170339680842,-0.00023801751552794204,0.003722097086602773,0.02986152577121103,0.9976443903076536,0.9708830617374052,1.0000000000000002,periodic
ellipsoid_1_0p8_0p6_rho0p03_E0p25_sep8_run02,ellipsoid_1_0p8_0p6,0.03,0.25,8.0,2,incomplete,incomplete,incomplete,incomplete,incomplete,,,,,,,,,,,,,,,,,,,,,,,,,,,,,,,,,,,,,,,,,,,,,
ellipsoid_1_0p8_0p6_rho0p03_E4_sep3_run01,ellipsoid_1_0p8_0p6,0.03,4.0,3.0,1,ok,quasi-periodic,chaotic,quasi-periodic,quasi-periodic,0.030001041702836902,1.8841943876488811,0.8063271604938271,0.736734693877551,14.256480218281038,2.068677446606448,0.639399553460698,0.7066031832353442,-0.001213592558778651,0.15245009315004104,0.33136137724662107,0.9749963219950709,0.23673556607538704,0.9999999999999998,quasi-periodic,0.030001041702836902,3.5165508845310955,0.9304012345679012,0.13673469387755102,13.671201814058957,3.0774155436570165,1.9686762048378545,0.8941524181132762,0.03404191435658813,0.578986697434524,0.5372398933273625,0.6164354843936103,0.2994521243557295,1.0,chaotic,0.030001041702836902,4.378662160690697,0.9076388888888889,0.22448979591836735,13.443428571428571,2.4911056800460503,2.863242450235674,0.3538997364761004,0.006809837906672015,0.14263629556728563,0.4469920448904999,0.8109734736120686,0.24668744052157895,1.0,quasi-periodic
ellipsoid_1_0p8_0p6_rho0p03_E4_sep3_run02,ellipsoid_1_0p8_0p6,0.03,4.0,3.0,2,ok,chaotic-candidate,periodic,quasi-periodic,mixed,0.030001041702836902,1.395125686047114,0.7184413580246913,0.2938775510204082,15.189233278955955,2.6133807343379054,0.5943921828407985,0.7883612388722949,0.010441230944255945,0.3331221055401633,0.2349080118052669,0.9919054824976857,0.424091964204323,1.0,chaotic-candidate,0.030001041702836902,1.9420326535637624,0.8886574074074074,0.2173469387755102,20.56607142857143,3.081006677813531,0.8728476101472954,0.32947143546702734,0.010192513152249843,0.20009013900086753,0.20966841023934982,0.9725371130042578,0.647961143778572,1.0,periodic,0.030001041702836902,3.5874244084297,0.8563271604938272,0.676530612244898,15.478382147838214,2.19763190735159,1.888002280960849,0.2667731467897135,0.0016549092258764,0.09934852819322156,0.3501440344705935,0.9478931565676944,0.27613148729348613,1.0,quasi-periodic
ellipsoid_1_0p8_0p6_rho0p03_E4_sep8_run01,ellipsoid_1_0p8_0p6,0.03,4.0,8.0,1,ok,chaotic,chaotic,chaotic-candidate,chaotic,0.030001041702836902,3.560509831427571,0.9382716049382716,0.12755102040816327,13.451327433628318,3.170690443796167,1.9648113638643712,0.5458378904305649,0.03319523831697983,0.5390803254634664,0.5815527191822077,0.5731737756731239,0.19780684236700535,1.0,chaotic,0.030001041702836902,3.622770351433295,0.8477623456790123,0.06938775510204082,10.574590952839268,2.7824893735554315,2.245827751780009,0.7685125935744683,0.034249314681399454,0.6026339296158234,0.5201998603401501,0.6823766950235706,0.3494505544075654,1.0,chaotic,0.030001041702836902,4.730415487754332,0.8037808641975308,0.06326530612244897,8.287191726332537,2.1930848344217804,3.498877215293096,0.39837031266535744,0.014754735332388573,0.30525888166971865,0.5936867980882238,0.5337561627839628,0.18213350655138244,1.0,chaotic-candidate
ellipsoid_1_0p8_0p6_rho0p03_E4_sep8_run02,ellipsoid_1_0p8_0p6,0.03,4.0,8.0,2,ok,chaotic,chaotic,chaotic-candidate,chaotic,0.030001041702836902,3.4421817444535097,0.939891975308642,0.08061224489795918,14.082080924855491,3.150285619098986,1.8281278732755482,0.5228904112210035,0.034131682181094844,0.569852862238468,0.5857726936327728,0.5599080967162791,0.17976133069875974,1.0,chaotic,0.030001041702836902,3.6063506870123745,0.8967592592592593,0.04795918367346939,11.338536585365853,2.9019046208546095,2.1373651396479256,0.6656677275441526,0.03580441173728912,0.6161399115124908,0.5864593147503103,0.5663758501223216,0.2081489979262468,1.0,chaotic,0.030001041702836902,4.951448508650649,0.8684413580246914,0.06938775510204082,9.804006968641115,2.606034744846933,3.8149577138712205,0.4588051517370048,0.013460418965119725,0.27692642584538274,0.6055054554655545,0.5160739269369652,0.13331110316566,1.0,chaotic-candidate
ellipsoid_1_0p8_0p6_rho0p03_E16_sep3_run01,ellipsoid_1_0p8_0p6,0.03,16.0,3.0,1,ok,chaotic-candidate,periodic,quasi-periodic,mixed,0.030001041702836902,3.530310495712106,0.8645061728395061,0.25204081632653064,12.258205689277899,2.6426281011393122,1.8005117428507935,0.864808895389219,0.011249297356669841,0.22133830090919066,0.5077666547127203,0.7606963041618969,0.2329053202352874,1.0,chaotic-candidate,0.030001041702836902,2.82497002277442,0.9441358024691358,0.9244897959183673,18.317365269461078,2.3836250146228934,1.577207873467532,1.4860815535919452,0.003959469558888986,0.11175810274972087,0.24820687878271228,0.9933415687876823,0.566468014370841,1.0,periodic,0.030001041702836902,4.4397911932302145,0.8964506172839506,0.4530612244897959,14.168292682926829,2.6931755049388215,2.646584200758025,0.26246908823416265,0.005652460029470332,0.16045547144587977,0.48982528465180153,0.8048794644851259,0.16610742406993736,1.0,quasi-periodic
ellipsoid_1_0p8_0p6_rho0p03_E16_sep3_run02,ellipsoid_1_0p8_0p6,0.03,16.0,3.0,2,ok,quasi-periodic,chaotic,ambiguous,mixed,0.030001041702836902,2.4181454887295413,0.9619598765432099,0.49795918367346936,24.834661354581673,2.92029964726758,0.4494071558542069,0.4489674546691632,0.007082292849688398,0.14988434386671692,0.4352659954516921,0.8864332118844236,0.17766577106944673,1.0,quasi-periodic,0.030001041702836902,3.0513017887567373,0.982175925925926,0.1306122448979592,22.060658578856152,3.781239914429372,1.9749176438123768,0.5891035470203475,0.018475827646089116,0.3167505267688311,0.4951993552857228,0.7675398063515536,0.17923145204357377,1.0,chaotic,0.030001041702836902,4.900726165791159,0.8476851851851852,0.10918367346938776,7.478556841388699,2.0619383654094543,4.008043940454568,0.5122876041632354,0.006726834898100971,0.28342860977474005,0.5014208946436364,0.7835656579084552,0.1407495545647741,1.0,ambiguous
ellipsoid_1_0p8_0p6_rho0p03_E16_sep8_run01,ellipsoid_1_0p8_0p6,0.03,16.0,8.0,1,ok,chaotic-candidate,periodic,quasi-periodic,mixed,0.030001041702836902,3.0501379852377632,0.9499228395061728,0.12959183673469388,16.79536152796726,3.2401915444416747,1.7959377406507557,0.8345423551979447,0.015200985822653088,0.26027606909171674,0.40446038685930097,0.8198710213334578,0.4421444630539826,1.0,chaotic-candidate,0.030001041702836902,3.045828289690821,0.9436728395061729,0.4051020408163265,25.426195426195427,3.2514623740683244,1.35677571145937,0.45795296966489685,0.004230862931641257,0.09202683214583489,0.31212615178152026,0.9272352966021072,0.5205795321124311,1.0000000000000002,periodic,0.030001041702836902,4.47215632334445,0.9829475308641975,0.4887755102040816,24.640232108317214,3.641772835294129,3.139687496423477,0.41731476956432334,0.009067702775242815,0.1560725364918086,0.432374454521237,0.8664741833773314,0.2113410719436874,1.0,quasi-periodic
ellipsoid_1_0p8_0p6_rho0p03_E16_sep8_run02,ellipsoid_1_0p8_0p6,0.03,16.0,8.0,2,ok,chaotic,chaotic,ambiguous,chaotic,0.030001041702836902,3.2917594519154387,0.9619598765432099,0.09081632653061225,18.387905604719766,3.4332747896441216,1.7608951589284083,0.5409207791531538,0.021372510418067325,0.3627295751778162,0.5370174303258659,0.6989626912613565,0.19960335529726203,1.0,chaotic,0.030001041702836902,3.0728345946848092,0.9530092592592593,0.11632653061224489,17.371308016877638,3.4023356695691294,1.7547544153298071,0.5194801582786097,0.024041776005985806,0.4060692517301133,0.4896828940703758,0.7888623868861392,0.22382619432715137,1.0,chaotic,0.030001041702836902,4.625205292100408,0.8985339506172839,0.1826530612244898,13.603971962616823,2.6991225578019513,3.5247240147430277,0.42203641761717536,0.005904167465232323,0.16313251359875172,0.5082425058359035,0.7286090658568095,0.2501796825389831,1.0,ambiguous
