shape_name,rho,energy_ratio,separation,n_runs,n_complete,n_short_or_missing,class,regime,broadband_score,mean_max_abs_ke_drift_pct,mean_max_impulse_global_p_drift,mean_max_impulse_global_h_drift,mean_max_pcon_total_drift_rel,mean_max_hcon_total_drift_rel,mean_min_separation
ellipsoid_1_0p8_0p6,0.03,0.2,3.0,5,4,1,complex-regular,regular-regime,0.2723759651719403,11.1861264292,0.000493009142089,0.0371686634041,0.000493009142089,0.0371686634041,2.55188954824
ellipsoid_1_0p8_0p6,0.03,0.2,5.0,5,2,3,chaotic-like,chaotic-regime,0.6363808626456371,15.462951355,0.000446459503447,0.0773078820954,0.000446459503447,0.0773078820954,4.91335832128
ellipsoid_1_0p8_0p6,0.03,0.2,8.0,5,3,2,chaotic-like,chaotic-regime,0.6003578634809424,6.46024150916,0.000326622860755,0.1345085454,0.000326622860755,0.1345085454,6.78346319462
ellipsoid_1_0p8_0p6,0.03,0.2,11.0,5,4,1,chaotic-like,chaotic-regime,0.5879447784366152,4.36649800311,0.000257270324695,0.12214012518,0.000257270324695,0.109085812069,9.719315876
ellipsoid_1_0p8_0p6,0.03,0.55,3.0,5,4,1,mixed,chaotic-regime,0.47891696250896587,47.1173879312,0.00322725886974,1.69256740155,0.00322725886974,1.69256740155,2.79118324189
ellipsoid_1_0p8_0p6,0.03,0.55,5.0,5,4,1,mixed,chaotic-regime,0.42653370896087806,4.8550471163,4.01778002162e-05,0.0193452888211,4.01778002162e-05,0.0193452888211,4.05623275744
ellipsoid_1_0p8_0p6,0.03,0.55,8.0,5,5,0,chaotic-like,chaotic-regime,0.5531006188878772,6.85170356603,4.71410643934e-05,0.0647651955393,4.71410643934e-05,0.0647651955393,6.8257789014
ellipsoid_1_0p8_0p6,0.03,0.55,11.0,5,5,0,complex-regular,chaotic-regime,0.43594949734845095,1.66859192486,3.26997631147e-05,0.00446332654859,3.26997631147e-05,0.00446332654859,10.4325539529
ellipsoid_1_0p8_0p6,0.03,1.5,3.0,5,4,1,mixed,regular-regime,0.4103772116594907,9.28436638991,4.47406137781e-06,0.0225420700969,4.47406137781e-06,0.0225420700969,2.90679971987
ellipsoid_1_0p8_0p6,0.03,1.5,5.0,5,5,0,chaotic-like,chaotic-regime,0.6156204205805915,14.3708269822,8.8978324818e-06,0.0188410035795,8.8978324818e-06,0.0188410035795,4.62426579447
ellipsoid_1_0p8_0p6,0.03,1.5,8.0,5,5,0,chaotic-like,chaotic-regime,0.6301787035693832,3.09469457076,4.1947212148e-06,0.0132206467009,4.1947212148e-06,0.0132206467009,7.7067896246
ellipsoid_1_0p8_0p6,0.03,1.5,11.0,5,4,1,mixed,chaotic-regime,0.6394342486697999,2.43764248282,3.47690452876e-06,0.0156217950674,3.47690452876e-06,0.0156217950674,9.52694805709
ellipsoid_1_0p8_0p6,0.03,4.0,3.0,5,3,2,chaotic-like,chaotic-regime,0.5631444304665655,155.795496626,2.94959692027e-05,0.176116805966,2.94959692027e-05,0.176116805966,2.9366736465
ellipsoid_1_0p8_0p6,0.03,4.0,5.0,5,5,0,chaotic-like,chaotic-regime,0.6146546515021776,66.9828260979,0.000207849303915,0.0803648479399,0.000207849303915,0.0803648479399,4.24934243255
ellipsoid_1_0p8_0p6,0.03,4.0,8.0,5,5,0,mixed,chaotic-regime,0.6592475638157349,10.2250402142,2.77511134102e-06,0.00705848224276,2.77511134102e-06,0.00705848224276,7.14572902913
ellipsoid_1_0p8_0p6,0.03,4.0,11.0,5,5,0,chaotic-like,chaotic-regime,0.7664871229662016,2.79364151549,9.21136596943e-07,0.0128179485434,9.21136596943e-07,0.0128179485434,10.8304276941
ellipsoid_1_0p8_0p6,0.03,11.0,3.0,5,5,0,chaotic-like,chaotic-regime,0.656827919540109,31.1990090884,0.0307455805269,0.45740223612,0.0307455805269,0.45740223612,2.81447390628
ellipsoid_1_0p8_0p6,0.03,11.0,5.0,5,5,0,chaotic-like,chaotic-regime,0.4905322253386153,14.8422353365,2.01693177774e-06,0.0046406367989,2.01693177774e-06,0.0046406367989,4.78072033132
ellipsoid_1_0p8_0p6,0.03,11.0,8.0,5,5,0,chaotic-like,chaotic-regime,0.6567798804583058,6.12717277843,1.05567361997e-06,0.0116488285661,1.05567361997e-06,0.0116488285661,7.28443767096
ellipsoid_1_0p8_0p6,0.03,11.0,11.0,5,5,0,mixed,chaotic-regime,0.5676999994532697,2.62455732726,1.17226494312e-06,0.00367913384801,1.17226494312e-06,0.00367913384801,10.2385456434
ellipsoid_1_0p8_0p6,0.03,30.0,3.0,5,5,0,mixed,chaotic-regime,0.46145896701189537,144.428138147,0.258211773036,2.05879184804,0.258211773036,2.04355591939,2.114374225
ellipsoid_1_0p8_0p6,0.03,30.0,5.0,5,5,0,mixed,regular-regime,0.2018664824397065,188.93512677,1.28374119261e-05,0.250820975916,1.28374119261e-05,0.138834467511,4.23132064642
ellipsoid_1_0p8_0p6,0.03,30.0,8.0,5,5,0,mixed,regular-regime,0.3770951929773182,9.17848680446,6.46799697338e-06,0.0154390101924,6.46799697338e-06,0.00911488945393,7.54085997158
ellipsoid_1_0p8_0p6,0.03,30.0,11.0,5,5,0,mixed,regular-regime,0.40616708707455623,2.1471760705,4.05108784424e-06,0.00648848101039,4.05108784424e-06,0.00648848101039,11
ellipsoid_1_0p8_0p6,0.1,0.2,3.0,5,4,1,complex-regular,regular-regime,0.33648026984110113,9.14405466459,3.4930791857e-08,0.0951421753643,3.4930791857e-08,0.0951421753643,2.96129249158
ellipsoid_1_0p8_0p6,0.1,0.2,5.0,5,5,0,chaotic-like,chaotic-regime,0.5743405912276488,26.9159979705,2.66863337574e-08,0.700243846324,2.66863337574e-08,0.700243846324,4.22874823821
ellipsoid_1_0p8_0p6,0.1,0.2,8.0,5,3,2,complex-regular,chaotic-regime,0.4969651693934965,4.93175081241,3.01668119178e-08,0.0536807697653,3.01668119178e-08,0.0536807697653,6.82997022076
ellipsoid_1_0p8_0p6,0.1,0.2,11.0,5,4,1,complex-regular,chaotic-regime,0.5169707806755243,3.4425341705,2.75004960151e-08,0.017392403238,2.75004960151e-08,0.017392403238,9.96511169864
ellipsoid_1_0p8_0p6,0.1,0.55,3.0,5,5,0,complex-regular,regular-regime,0.33641331584787215,106.221032893,4.75358681815e-08,2.36078040517,4.75358681815e-08,2.36078040517,2.75344911816
ellipsoid_1_0p8_0p6,0.1,0.55,5.0,5,5,0,chaotic-like,chaotic-regime,0.5796206651681897,89.2445950248,4.10484993988e-08,0.415936207948,4.10484993988e-08,0.415936207948,3.87171675602
ellipsoid_1_0p8_0p6,0.1,0.55,8.0,5,5,0,mixed,regular-regime,0.34256290357098107,35.1216357013,5.09170040052e-08,0.0839245849255,5.09170040052e-08,0.0839245849255,5.39992473299
ellipsoid_1_0p8_0p6,0.1,0.55,11.0,5,5,0,complex-regular,chaotic-regime,0.5175285595417296,1.99085688537,4.52439409078e-08,0.0340660373904,4.52439409078e-08,0.0340660373904,10.6563294049
ellipsoid_1_0p8_0p6,0.1,1.5,3.0,5,5,0,mixed,chaotic-regime,0.47964364487848776,156.059426735,4.9274815945e-08,0.482245949159,4.9274815945e-08,0.482245949159,2.73189632074
ellipsoid_1_0p8_0p6,0.1,1.5,5.0,5,5,0,mixed,chaotic-regime,0.5236524159001317,12.485628314,4.19979034988e-08,0.029921080064,4.19979034988e-08,0.029921080064,4.40648051305
ellipsoid_1_0p8_0p6,0.1,1.5,8.0,5,5,0,mixed,chaotic-regime,0.6085330157571328,34.9133514943,4.25219153115e-08,0.0328287070089,4.25219153115e-08,0.0328287070089,5.7739629899
ellipsoid_1_0p8_0p6,0.1,1.5,11.0,5,5,0,chaotic-like,chaotic-regime,0.7228935607826867,52.5008356301,3.68208827343e-08,0.123822704548,3.68208827343e-08,0.123822704548,6.51128779928
ellipsoid_1_0p8_0p6,0.1,4.0,3.0,5,5,0,complex-regular,regular-regime,0.37203612740266434,873.395265677,0.0584271812796,3.23032414213,0.0584271812796,3.23032414213,2.12346792528
ellipsoid_1_0p8_0p6,0.1,4.0,5.0,5,5,0,chaotic-like,chaotic-regime,0.7743526482860044,6.00267911438,2.24534578182e-08,0.0115401431527,2.24534578182e-08,0.0115401431527,4.78398121696
ellipsoid_1_0p8_0p6,0.1,4.0,8.0,5,5,0,chaotic-like,chaotic-regime,0.7633595552818871,6.28342763647,2.29246942782e-08,0.0155053443567,2.29246942782e-08,0.0155053443567,7.24064312174
ellipsoid_1_0p8_0p6,0.1,4.0,11.0,5,5,0,chaotic-like,chaotic-regime,0.6137960959756141,8.13736108236,4.53304417911e-08,0.00949069851168,4.53304417911e-08,0.00949069851168,9.31432685576
ellipsoid_1_0p8_0p6,0.1,11.0,3.0,5,5,0,mixed,chaotic-regime,0.5628843521687356,458.566152824,4.87156362325e-08,0.140701467235,4.87156362325e-08,0.140701467235,2.92886141673
ellipsoid_1_0p8_0p6,0.1,11.0,5.0,5,5,0,mixed,regular-regime,0.33107763885946534,58.6952077907,0.139610988831,1.99872620313,0.139610988831,1.99100032959,4.38046921545
ellipsoid_1_0p8_0p6,0.1,11.0,8.0,5,5,0,mixed,chaotic-regime,0.5016509506569609,5.69297374429,3.56024441915e-08,0.0122158419815,3.56024441915e-08,0.0122158419815,7.66464083113
ellipsoid_1_0p8_0p6,0.1,11.0,11.0,5,5,0,mixed,regular-regime,0.36141048166504514,2.02415182858,3.41008899784e-08,0.0131085363923,3.41008899784e-08,0.0131085363923,10.9084368183
ellipsoid_1_0p8_0p6,0.1,30.0,3.0,5,5,0,mixed,regular-regime,0.24921511958488743,372.276891321,1.31219819456,3.70191464769,1.31219819456,3.69544979423,2.16077897023
ellipsoid_1_0p8_0p6,0.1,30.0,5.0,5,5,0,mixed,regular-regime,0.2651745113387245,68.9669711633,0.16436363784,2.73851337705,0.16436363784,2.73851337705,4.12792774706
ellipsoid_1_0p8_0p6,0.1,30.0,8.0,5,5,0,mixed,regular-regime,0.2682622697631646,6.04827468416,1.3153455521e-07,0.0260201591424,1.3153455521e-07,0.0260201591424,7.48497103303
ellipsoid_1_0p8_0p6,0.1,30.0,11.0,5,5,0,mixed,regular-regime,0.2746379448459892,4.45414615788,1.09116927452e-07,0.0344304804034,1.09116927452e-07,0.0344304804034,9.43972394298
ellipsoid_1_0p8_0p6,0.3,0.2,3.0,5,4,1,complex-regular,regular-regime,0.3933895449388276,44.9664868466,3.56003670541e-08,1.47192421551,3.56003670541e-08,1.47192421551,2.87901341483
ellipsoid_1_0p8_0p6,0.3,0.2,5.0,5,5,0,chaotic-like,chaotic-regime,0.5822000265666583,17.0868433081,2.11154271945e-08,0.142126741629,2.11154271945e-08,0.142126741629,3.83817961661
ellipsoid_1_0p8_0p6,0.3,0.2,8.0,5,5,0,chaotic-like,chaotic-regime,0.6856754766714628,3.65009295429,2.24699054616e-08,0.626262957881,2.24699054616e-08,0.626262957881,7.12802563773
ellipsoid_1_0p8_0p6,0.3,0.2,11.0,5,5,0,mixed,regular-regime,0.31510647667632835,1.18998660566,3.59341672078e-08,0.0145116193412,3.59341672078e-08,0.0145116193412,9.71431854667
ellipsoid_1_0p8_0p6,0.3,0.55,3.0,5,4,1,mixed,regular-regime,0.2131045796292495,204.036909212,3.8827262687e-08,0.797014177379,3.8827262687e-08,0.797014177379,2.86543957212
ellipsoid_1_0p8_0p6,0.3,0.55,5.0,5,5,0,mixed,chaotic-regime,0.49931051171832097,2.24038781908,2.14862764962e-08,0.139324834179,2.14862764962e-08,0.139324834179,4.52567819144
ellipsoid_1_0p8_0p6,0.3,0.55,8.0,5,5,0,mixed,chaotic-regime,0.526706759420084,28.8771419811,2.2194965494e-08,0.163377322443,2.2194965494e-08,0.163377322443,5.57252693815
ellipsoid_1_0p8_0p6,0.3,0.55,11.0,5,5,0,mixed,chaotic-regime,0.7204520014276689,1.8453453852,2.16580770915e-08,0.0490474640062,2.16580770915e-08,0.0490474640062,9.66152351747
ellipsoid_1_0p8_0p6,0.3,1.5,3.0,5,5,0,mixed,chaotic-regime,0.4904173271629948,58.6348941562,2.55481774708e-08,0.0735034456413,2.55481774708e-08,0.0735034456413,2.90544784014
ellipsoid_1_0p8_0p6,0.3,1.5,5.0,5,5,0,complex-regular,regular-regime,0.37842792928749297,9.05615762407,2.45188157493e-08,0.0456116886907,2.45188157493e-08,0.0456116886907,4.69617210138
ellipsoid_1_0p8_0p6,0.3,1.5,8.0,5,5,0,chaotic-like,chaotic-regime,0.5879590225610518,2.30602200795,2.19408015487e-08,0.024941360306,2.19408015487e-08,0.024941360306,7.20029711832
ellipsoid_1_0p8_0p6,0.3,1.5,11.0,5,5,0,mixed,chaotic-regime,0.5367523908608509,0.745306037413,2.16521667907e-08,0.0166646118266,2.16521667907e-08,0.0166646118266,10.230953083
ellipsoid_1_0p8_0p6,0.3,4.0,3.0,5,5,0,mixed,regular-regime,0.3221595347788161,141.877148523,0.0775713089975,1.30402254725,0.0775713089975,1.30402254725,2.43703643188
ellipsoid_1_0p8_0p6,0.3,4.0,5.0,5,5,0,mixed,chaotic-regime,0.4284714013178211,15.6137665022,3.25782577052e-08,0.0178471819359,3.25782577052e-08,0.0178471819359,4.38089782693
ellipsoid_1_0p8_0p6,0.3,4.0,8.0,5,5,0,mixed,regular-regime,0.2953688882947281,11.0376337772,3.23552283468e-08,0.0292404130459,3.23552283468e-08,0.0292404130459,5.95025869376
ellipsoid_1_0p8_0p6,0.3,4.0,11.0,5,5,0,mixed,regular-regime,0.36187256043462307,2.72911723637,3.64126103806e-08,0.0116097066469,3.64126103806e-08,0.0116097066469,9.67007560134
ellipsoid_1_0p8_0p6,0.3,11.0,3.0,5,5,0,mixed,regular-regime,0.20522201358354158,10.407779518,5.01424456487e-08,0.0118475382435,5.01424456487e-08,0.0118475382435,2.96380986643
ellipsoid_1_0p8_0p6,0.3,11.0,5.0,5,5,0,mixed,regular-regime,0.27424915991189935,14.5701892455,3.33222853716e-08,0.0330618441899,3.33222853716e-08,0.0330618441899,4.48746466715
ellipsoid_1_0p8_0p6,0.3,11.0,8.0,5,5,0,mixed,regular-regime,0.2328760886903436,14.2729044596,0.00426378061786,0.113576785346,0.00426378061786,0.113576785346,6.49334773143
ellipsoid_1_0p8_0p6,0.3,11.0,11.0,5,5,0,mixed,regular-regime,0.24513954105993863,1.65303459058,5.43348632284e-08,0.0225969720299,5.43348632284e-08,0.0225969720299,10.2744737985
ellipsoid_1_0p8_0p6,0.3,30.0,3.0,5,5,0,mixed,regular-regime,0.26981152664002594,73.7739374447,0.633703795816,2.60361183247,0.633703795816,2.60361183247,2.3837926243
ellipsoid_1_0p8_0p6,0.3,30.0,5.0,5,5,0,periodic,regular-regime,0.20039609402411954,4.47279083588,3.49902436286e-08,0.0157415187767,3.49902436286e-08,0.0157415187767,4.86084661991
ellipsoid_1_0p8_0p6,0.3,30.0,8.0,5,5,0,quasi-periodic,regular-regime,0.19801589520112534,3.33427002492,5.08027195379e-08,0.0129590431946,5.08027195379e-08,0.0129590431946,7.37887608054
ellipsoid_1_0p8_0p6,0.3,30.0,11.0,5,5,0,periodic,regular-regime,0.20556352294852634,2.56219950726,4.54025481124e-08,0.00768604395736,4.54025481124e-08,0.00768604395736,8.93602595309
ellipsoid_1_0p8_0p6,1.0,0.2,3.0,5,5,0,mixed,chaotic-regime,0.421228144902399,126.864562571,0.0355318387699,6.98513938501,0.0355318387699,6.98513938501,2.54719149039
ellipsoid_1_0p8_0p6,1.0,0.2,5.0,5,5,0,mixed,chaotic-regime,0.424569193155639,3.12120960423,1.04487717436e-08,0.0830823003354,1.04487717436e-08,0.0830823003354,4.25250435359
ellipsoid_1_0p8_0p6,1.0,0.2,8.0,5,5,0,mixed,regular-regime,0.3368150289889081,6.95253655721,9.3696445972e-09,0.0579998685377,9.3696445972e-09,0.0579998685377,6.00104320768
ellipsoid_1_0p8_0p6,1.0,0.2,11.0,5,5,0,mixed,chaotic-regime,0.44715336353502366,1.67638247332,1.43264967477e-08,0.0449815576445,1.43264967477e-08,0.0449815576445,10.9429836686
ellipsoid_1_0p8_0p6,1.0,0.55,3.0,5,5,0,mixed,regular-regime,0.37120821581828234,54.1896810035,0.0335315024501,1.87216601477,0.0335315024501,1.87216601477,2.36174209959
ellipsoid_1_0p8_0p6,1.0,0.55,5.0,5,5,0,mixed,regular-regime,0.2903563261436109,49.8829007732,0.0476802371336,3.49996055358,0.0476802371336,3.49996055358,3.72381742042
ellipsoid_1_0p8_0p6,1.0,0.55,8.0,5,5,0,chaotic-like,chaotic-regime,0.4593793800212692,2.01571457147,5.45713227863e-09,0.0136958827615,5.45713227863e-09,0.0136958827615,7.72724049684
ellipsoid_1_0p8_0p6,1.0,0.55,11.0,5,5,0,chaotic-like,chaotic-regime,0.5529413261742069,6.83915831395,3.57416970574e-09,0.0303222737108,3.57416970574e-09,0.0303222737108,10.0938100833
ellipsoid_1_0p8_0p6,1.0,1.5,3.0,5,5,0,mixed,regular-regime,0.2448698677130321,58.8775564097,0.0372583205321,1.26008300131,0.0372583205321,1.26008300131,2.16723697339
ellipsoid_1_0p8_0p6,1.0,1.5,5.0,5,5,0,quasi-periodic,regular-regime,0.22073337077115504,9.46519199264,8.11688808861e-09,0.0757874461307,8.11688808861e-09,0.0744624342929,4.44640009199
ellipsoid_1_0p8_0p6,1.0,1.5,8.0,5,5,0,mixed,regular-regime,0.3121305541215629,2.24131112815,7.92491662555e-09,0.0154638631416,7.92491662555e-09,0.0154638631416,7.54638517009
ellipsoid_1_0p8_0p6,1.0,1.5,11.0,5,5,0,mixed,regular-regime,0.2525976459197486,5.6991789674,1.17018573423e-08,0.0285198489358,1.17018573423e-08,0.0285198489358,9.76897429975
ellipsoid_1_0p8_0p6,1.0,4.0,3.0,5,5,0,quasi-periodic,regular-regime,0.18704270933928094,25.6584145422,0.0750022782803,1.85943163099,0.0750022782803,1.85943163099,2.13020045564
ellipsoid_1_0p8_0p6,1.0,4.0,5.0,5,5,0,mixed,regular-regime,0.21988139232722753,3.78642103216,1.71470306285e-08,0.0312849219842,1.71470306285e-08,0.0312849219842,4.85722344928
ellipsoid_1_0p8_0p6,1.0,4.0,8.0,5,5,0,quasi-periodic,regular-regime,0.2136660581665235,2.15324396782,2.10243469986e-08,0.0247727956271,2.10243469986e-08,0.0247727956271,7.99723824023
ellipsoid_1_0p8_0p6,1.0,4.0,11.0,5,5,0,quasi-periodic,regular-regime,0.20611203758236102,2.52765248704,1.90338150711e-08,0.0184153775131,1.90338150711e-08,0.0184153775131,9.6873426929
ellipsoid_1_0p8_0p6,1.0,11.0,3.0,5,5,0,quasi-periodic,regular-regime,0.19672106873945616,73.7338847419,0.259206341808,3.49927898372,0.259206341808,3.49927898372,2.52992146219
ellipsoid_1_0p8_0p6,1.0,11.0,5.0,5,5,0,quasi-periodic,regular-regime,0.18343275133158,5.60118600674,1.96881492742e-08,0.0142565762584,1.96881492742e-08,0.0142565762584,4.72090163452
ellipsoid_1_0p8_0p6,1.0,11.0,8.0,5,5,0,mixed,regular-regime,0.20730890282179026,0.961258661936,1.25390166884e-08,0.0106362613855,1.25390166884e-08,0.0106362613855,7.53921047157
ellipsoid_1_0p8_0p6,1.0,11.0,11.0,5,5,0,mixed,regular-regime,0.1935757785020299,0.699816114352,1.88412501469e-08,0.00970291279705,1.88412501469e-08,0.00970291279705,10.8239784418
ellipsoid_1_0p8_0p6,1.0,30.0,3.0,5,5,0,periodic,regular-regime,0.19316247758193733,3.07545913088,2.3921011432e-08,0.0325417085656,2.3921011432e-08,0.0325417085656,2.99700650105
ellipsoid_1_0p8_0p6,1.0,30.0,5.0,5,5,0,quasi-periodic,regular-regime,0.21978191800432753,9.04908354912,2.37525059065e-08,0.0115115719652,2.37525059065e-08,0.0115115719652,3.87593483567
ellipsoid_1_0p8_0p6,1.0,30.0,8.0,5,5,0,quasi-periodic,regular-regime,0.21707855510041002,10.6792526996,2.38549988381e-08,0.0107957736105,2.38549988381e-08,0.0107957736105,6.84289138661
ellipsoid_1_0p8_0p6,1.0,30.0,11.0,5,5,0,quasi-periodic,regular-regime,0.18232514892835353,0.500780804542,1.54325415199e-08,0.0168574339218,1.54325415199e-08,0.0168574339218,10.0460561055
ellipsoid_1_0p8_0p6,4.0,0.2,3.0,5,5,0,periodic,regular-regime,0.21088210113667727,55.6745099186,0.0109034692502,1.48102592319,0.0109034692502,1.48102592319,2.2923617961
ellipsoid_1_0p8_0p6,4.0,0.2,5.0,5,5,0,quasi-periodic,regular-regime,0.2730569963991703,34.1974434941,0.0169037445892,4.38150244028,0.0169037445892,4.38150244028,3.95220602399
ellipsoid_1_0p8_0p6,4.0,0.2,8.0,5,5,0,mixed,regular-regime,0.41465482540059606,7.43650087932,0.00219037271764,0.741424701353,0.00219037271764,0.741424701353,6.44276248084
ellipsoid_1_0p8_0p6,4.0,0.2,11.0,5,5,0,mixed,regular-regime,0.24329324172568115,0.16936819359,2.76555048108e-09,0.00948431159314,2.76555048108e-09,0.00948431159314,10.92630349
ellipsoid_1_0p8_0p6,4.0,0.55,3.0,5,5,0,quasi-periodic,regular-regime,0.23355307320367807,27.8744430291,0.00421832381529,0.227018085396,0.00421832381529,0.227018085396,2.62857141761
ellipsoid_1_0p8_0p6,4.0,0.55,5.0,5,5,0,quasi-periodic,regular-regime,0.206667410272723,5.20614622176,2.32026404432e-09,0.0449320505546,2.32026404432e-09,0.0449320505546,4.42406074555
ellipsoid_1_0p8_0p6,4.0,0.55,8.0,5,5,0,quasi-periodic,regular-regime,0.19817202346806648,18.8269605584,0.0105272804454,2.17252543133,0.0105272804454,2.17252543133,5.92764727587
ellipsoid_1_0p8_0p6,4.0,0.55,11.0,5,5,0,mixed,regular-regime,0.23228146661250718,1.13507194126,3.75422684198e-09,0.0343980997213,3.75422684198e-09,0.0343980997213,10.5458949996
ellipsoid_1_0p8_0p6,4.0,1.5,3.0,5,5,0,quasi-periodic,regular-regime,0.20732661198961916,15.5663942538,4.26206854853e-09,0.0199242455971,4.26206854853e-09,0.0199242455971,2.92277908916
ellipsoid_1_0p8_0p6,4.0,1.5,5.0,5,5,0,quasi-periodic,regular-regime,0.18756109357594786,17.367320728,6.49113110107e-09,0.0365393813215,6.49113110107e-09,0.0365393813215,4.43167035719
ellipsoid_1_0p8_0p6,4.0,1.5,8.0,5,5,0,periodic,regular-regime,0.18498920529927865,7.6026152826,5.14852635969e-09,0.0235243426211,5.14852635969e-09,0.0235243426211,6.87632432009
ellipsoid_1_0p8_0p6,4.0,1.5,11.0,5,5,0,periodic,regular-regime,0.18239357893991337,0.499950842991,4.6181052308e-09,0.0397232770157,4.6181052308e-09,0.0397232770157,10.0242197706
ellipsoid_1_0p8_0p6,4.0,4.0,3.0,5,5,0,periodic,regular-regime,0.17625050898361244,9.2291831674,8.26339805897e-09,0.0186261235219,8.26339805897e-09,0.0186261235219,2.89262476778
ellipsoid_1_0p8_0p6,4.0,4.0,5.0,5,5,0,quasi-periodic,regular-regime,0.20823903867858684,8.98622147356,8.90736483233e-09,0.0217974553587,8.90736483233e-09,0.0217974553587,4.41974345355
ellipsoid_1_0p8_0p6,4.0,4.0,8.0,5,5,0,periodic,regular-regime,0.2108079387258397,10.079083002,6.89951063367e-09,0.015085377784,6.89951063367e-09,0.015085377784,5.25691850758
ellipsoid_1_0p8_0p6,4.0,4.0,11.0,5,5,0,quasi-periodic,regular-regime,0.1920959844908209,0.549622774165,6.23119030212e-09,0.0219835151914,6.23119030212e-09,0.0219835151914,10.2961896677
ellipsoid_1_0p8_0p6,4.0,11.0,3.0,5,5,0,mixed,regular-regime,0.26057405072501844,22.7179028831,0.0321462282501,0.722783358769,0.0321462282501,0.722783358769,2.39563428013
ellipsoid_1_0p8_0p6,4.0,11.0,5.0,5,5,0,periodic,regular-regime,0.18214536896624317,9.88338450726,0.290186234893,7.11834958332,0.290186234893,7.11834958332,3.54252733634
ellipsoid_1_0p8_0p6,4.0,11.0,8.0,5,5,0,periodic,regular-regime,0.1768814103167149,5.83865353244,0.0592649098396,1.45025988319,0.0592649098396,1.45025988319,6.06890302746
ellipsoid_1_0p8_0p6,4.0,11.0,11.0,5,5,0,quasi-periodic,regular-regime,0.19107827908816066,0.24703864916,1.17191713147e-08,0.0128917719469,1.17191713147e-08,0.0128917719469,9.81286070157
ellipsoid_1_0p8_0p6,4.0,30.0,3.0,5,5,0,quasi-periodic,regular-regime,0.18554151217446013,35.5930737425,1.29527251793,16.0636769865,1.29527251793,16.0636769865,2.07737769571
ellipsoid_1_0p8_0p6,4.0,30.0,5.0,5,5,0,quasi-periodic,regular-regime,0.17734176522114015,0.794895230495,7.98167195908e-09,0.0106727105454,7.98167195908e-09,0.0106727105454,4.64313267223
ellipsoid_1_0p8_0p6,4.0,30.0,8.0,5,5,0,quasi-periodic,regular-regime,0.20762669560497118,1.95456249838,0.109701770214,2.12772034574,0.109701770214,2.12772034574,6.60603436533
ellipsoid_1_0p8_0p6,4.0,30.0,11.0,5,5,0,quasi-periodic,regular-regime,0.21081609108659854,0.147837224612,3.78107339777e-09,0.00721219707862,3.78107339777e-09,0.00721219707862,10.8393668997
ellipsoid_1_0p8_0p6,10.0,0.2,3.0,5,5,0,quasi-periodic,regular-regime,0.2332200216035721,5.55489584568,0.000996044432836,0.188207026582,0.000996044432836,0.188207026582,2.70947146411
ellipsoid_1_0p8_0p6,10.0,0.2,5.0,5,5,0,quasi-periodic,regular-regime,0.2141718105318701,0.919759433803,1.17005791409e-09,0.0178923481564,1.17005791409e-09,0.0178923481564,4.8253297272
ellipsoid_1_0p8_0p6,10.0,0.2,8.0,5,5,0,quasi-periodic,regular-regime,0.21805301851807504,0.47452125374,1.81864962753e-09,0.0165995720056,1.81864962753e-09,0.0165995720056,7.88675524223
ellipsoid_1_0p8_0p6,10.0,0.2,11.0,5,5,0,quasi-periodic,regular-regime,0.22452561604856455,2.79095170856,1.424683392e-09,0.0342594539009,1.424683392e-09,0.0342594539009,7.11234637547
ellipsoid_1_0p8_0p6,10.0,0.55,3.0,5,5,0,quasi-periodic,regular-regime,0.2108403148729748,31.4239011079,0.00127613675751,0.887515834432,0.00127613675751,0.887515834432,2.81574895209
ellipsoid_1_0p8_0p6,10.0,0.55,5.0,5,5,0,quasi-periodic,regular-regime,0.20118537072372827,1.12774216521,1.85755916142e-09,0.0220019003096,1.85755916142e-09,0.0220019003096,4.94938205072
ellipsoid_1_0p8_0p6,10.0,0.55,8.0,5,5,0,periodic,regular-regime,0.21465645368209713,1.02136609266,1.95026938524e-09,0.0178416112372,1.95026938524e-09,0.0178416112372,7.99196002248
ellipsoid_1_0p8_0p6,10.0,0.55,11.0,5,5,0,periodic,regular-regime,0.16590193091285893,0.433812426346,1.75447656322e-09,0.0146112324711,1.75447656322e-09,0.0146112324711,9.92979140145
ellipsoid_1_0p8_0p6,10.0,1.5,3.0,5,5,0,periodic,regular-regime,0.1722320725528917,14.1315404211,1.37302953119e-09,0.0188315092611,1.37302953119e-09,0.0188315092611,2.88257980925
ellipsoid_1_0p8_0p6,10.0,1.5,5.0,5,5,0,periodic,regular-regime,0.17831068929508037,1.87757365858,1.47416862092e-09,0.0157959272785,1.47416862092e-09,0.0157959272785,4.88450247387
ellipsoid_1_0p8_0p6,10.0,1.5,8.0,5,5,0,quasi-periodic,regular-regime,0.19322324568787566,3.46172776321,2.09073334718e-09,0.0205499083522,2.09073334718e-09,0.0205499083522,6.36100421881
ellipsoid_1_0p8_0p6,10.0,1.5,11.0,5,5,0,quasi-periodic,regular-regime,0.18402900970626482,3.14188887033,0.0483389990363,5.08666735679,0.0483389990363,5.08666735679,8.75181962167
ellipsoid_1_0p8_0p6,10.0,4.0,3.0,5,5,0,quasi-periodic,regular-regime,0.23065435901287162,9.42581863384,0.0134426354961,0.477422306956,0.0134426354961,0.477422306956,2.36368945213
ellipsoid_1_0p8_0p6,10.0,4.0,5.0,5,5,0,quasi-periodic,regular-regime,0.20114245069939723,2.86798664877,0.00736797615196,0.927678231357,0.00736797615196,0.927678231357,4.32252701655
ellipsoid_1_0p8_0p6,10.0,4.0,8.0,5,5,0,quasi-periodic,regular-regime,0.20317854124771823,0.876078911681,3.19012639283e-09,0.00768358834887,3.19012639283e-09,0.00768358834887,7.5053264643
ellipsoid_1_0p8_0p6,10.0,4.0,11.0,5,5,0,quasi-periodic,regular-regime,0.18396002966144354,0.231589145251,3.90226682582e-09,0.0341885165315,3.90226682582e-09,0.0341885165315,9.77346822271
ellipsoid_1_0p8_0p6,10.0,11.0,3.0,5,5,0,quasi-periodic,regular-regime,0.20849078595783635,1.94994067213,0.0299803818508,0.28420161699,0.0299803818508,0.28420161699,2.46778849797
ellipsoid_1_0p8_0p6,10.0,11.0,5.0,5,5,0,mixed,regular-regime,0.21983194731004238,2.2885519405,8.69180755988e-09,0.00727384628992,8.69180755988e-09,0.00727384628992,4.3979031123
ellipsoid_1_0p8_0p6,10.0,11.0,8.0,5,5,0,quasi-periodic,regular-regime,0.22833849369648215,0.709664934709,7.02770888729e-09,0.00687722681273,7.02770888729e-09,0.00687722681273,7.70809440883
ellipsoid_1_0p8_0p6,10.0,11.0,11.0,5,5,0,quasi-periodic,regular-regime,0.2117637389064996,0.140285144145,6.87060423802e-09,0.00618018596532,6.87060423802e-09,0.00618018596532,9.61156545604
ellipsoid_1_0p8_0p6,10.0,30.0,3.0,5,5,0,quasi-periodic,regular-regime,0.2130013699166809,1.69189203178,1.04377340097e-08,0.00522585486518,1.04377340097e-08,0.00522585486518,2.93792297606
ellipsoid_1_0p8_0p6,10.0,30.0,5.0,5,5,0,quasi-periodic,regular-regime,0.1976420568649325,1.08769648971,8.63284550243e-09,0.00370351111601,8.63284550243e-09,0.00370351111601,4.63378079233
ellipsoid_1_0p8_0p6,10.0,30.0,8.0,5,5,0,quasi-periodic,regular-regime,0.1961616980271898,0.245993527158,1.23644217018e-08,0.00584895703722,1.23644217018e-08,0.00584895703722,7.45068041284
ellipsoid_1_0p8_0p6,10.0,30.0,11.0,5,5,0,quasi-periodic,regular-regime,0.20683883255358335,0.0914060613754,9.25659719519e-09,0.00393149705708,9.25659719519e-09,0.00393149705708,10.9870756542
spheroid_1_0p7_0p7,0.03,0.2,3.0,5,1,4,complex-regular,regular-regime,0.16633012994935134,10.4674534246,1.696477669e-08,0.0215597558789,1.696477669e-08,0.0215597558789,3
spheroid_1_0p7_0p7,0.03,0.2,5.0,5,3,2,complex-regular,regular-regime,0.16095556235062441,9.01085020494,2.11097840395e-08,0.259840141688,2.11097840395e-08,0.259840141688,4.99654022955
spheroid_1_0p7_0p7,0.03,0.2,8.0,5,5,0,complex-regular,regular-regime,0.16791307179476733,7.10817043143,2.60828172566e-08,0.0714350440386,2.60828172566e-08,0.0714350440386,7.35219720816
spheroid_1_0p7_0p7,0.03,0.2,11.0,5,5,0,complex-regular,regular-regime,0.18013487889247773,2.44535567448,3.60529654628e-08,0.130427848972,3.60529654628e-08,0.0690383751918,10.0771230424
spheroid_1_0p7_0p7,0.03,0.55,3.0,5,3,2,quasi-periodic,regular-regime,0.17194697358836455,72.962177419,0.0271274183389,0.67084475242,0.0271274183389,0.67084475242,2.95308408616
spheroid_1_0p7_0p7,0.03,0.55,5.0,5,5,0,mixed,regular-regime,0.20639567891776892,11.400586589,6.62995068711e-08,0.135199783136,6.62995068711e-08,0.0860864084772,4.53778011043
spheroid_1_0p7_0p7,0.03,0.55,8.0,5,4,1,complex-regular,regular-regime,0.18142115512428603,1.92763507674,7.61915268362e-08,0.106390512002,7.61915268362e-08,0.106390512002,7.87101205268
spheroid_1_0p7_0p7,0.03,0.55,11.0,5,5,0,periodic,regular-regime,0.18103498842976606,6.05021277286,7.54907293441e-08,0.00347471155699,7.54907293441e-08,0.00347471155699,9.60780836308
spheroid_1_0p7_0p7,0.03,1.5,3.0,5,5,0,periodic,regular-regime,0.15627429306269455,276.957677094,0.0136176222924,15.0308512148,0.0136176222924,12.1156182524,2.88426788864
spheroid_1_0p7_0p7,0.03,1.5,5.0,5,5,0,quasi-periodic,regular-regime,0.1828920471614034,85.827154213,0.0707970723426,35.3660185256,0.0707970723426,35.3660185256,4.4677988466
spheroid_1_0p7_0p7,0.03,1.5,8.0,5,5,0,quasi-periodic,regular-regime,0.1796415704182807,2.26868017031,7.17622534982e-08,0.00230751573346,7.17622534982e-08,0.00230751573346,7.6325980323
spheroid_1_0p7_0p7,0.03,1.5,11.0,5,4,1,quasi-periodic,regular-regime,0.19546568682503995,0.648589678054,9.53951798698e-08,0.00331257722971,9.53951798698e-08,0.00331257722971,9.5632304508
spheroid_1_0p7_0p7,0.03,4.0,3.0,5,5,0,periodic,regular-regime,0.17792384480592843,39.9351865971,6.71254680036e-08,0.0505941659681,6.71254680036e-08,0.0505941659681,2.94311383789
spheroid_1_0p7_0p7,0.03,4.0,5.0,5,5,0,quasi-periodic,regular-regime,0.1732012404874163,151.455626868,0.0370454358785,2.01980720925,0.0370454358785,2.01980720925,3.63970358406
spheroid_1_0p7_0p7,0.03,4.0,8.0,5,5,0,periodic,regular-regime,0.15838751748163782,14.8569682058,3.6844755857e-08,0.0120600634098,3.6844755857e-08,0.0120600634098,6.58407854453
spheroid_1_0p7_0p7,0.03,4.0,11.0,5,5,0,quasi-periodic,regular-regime,0.158812295261943,293.456629401,3.81830994664e-08,2.32932826856,3.81830994664e-08,2.32932826856,7.22032761205
spheroid_1_0p7_0p7,0.03,11.0,3.0,5,5,0,quasi-periodic,regular-regime,0.17566040711113934,102.103939648,5.11638345e-08,0.0687701998167,5.11638345e-08,0.0687701998167,2.78483813066
spheroid_1_0p7_0p7,0.03,11.0,5.0,5,5,0,periodic,regular-regime,0.18904917683326386,66.2432274193,0.11751024213,4.53904117139,0.11751024213,4.53904117139,3.92383657103
spheroid_1_0p7_0p7,0.03,11.0,8.0,5,5,0,periodic,regular-regime,0.16222713264507677,2.78175720661,6.79655919017e-08,0.00570964892968,6.79655919017e-08,0.00570964892968,7.98052207045
spheroid_1_0p7_0p7,0.03,11.0,11.0,5,5,0,periodic,regular-regime,0.17712701639036293,3.69170030306,5.2401888014e-08,0.00218430617703,5.2401888014e-08,0.00218430617703,9.32200806193
spheroid_1_0p7_0p7,0.03,30.0,3.0,5,5,0,periodic,regular-regime,0.14595980548946746,120.370999935,1.00053295522e-07,0.0324284997979,1.00053295522e-07,0.0283196985521,2.83351426686
spheroid_1_0p7_0p7,0.03,30.0,5.0,5,5,0,periodic,regular-regime,0.15319436382146773,7.80577039531,7.03759757251e-08,0.0090513760958,7.03759757251e-08,0.00816859337424,4.48451136046
spheroid_1_0p7_0p7,0.03,30.0,8.0,5,5,0,periodic,regular-regime,0.15374504302619088,6.75785257785,1.17586571273e-07,0.0107790736209,1.17586571273e-07,0.0071585830657,6.56998730411
spheroid_1_0p7_0p7,0.03,30.0,11.0,5,5,0,periodic,regular-regime,0.16695078384774703,0.599859626098,8.77814063772e-08,0.00649726001878,8.77814063772e-08,0.00567844821648,10.562793539
spheroid_1_0p7_0p7,0.1,0.2,3.0,5,3,2,periodic,regular-regime,0.1837946455262326,315.132078406,1.95812615351e-08,14.0423541699,1.95812615351e-08,14.0423541699,2.93499948332
spheroid_1_0p7_0p7,0.1,0.2,5.0,5,5,0,periodic,regular-regime,0.15717337640076998,40.4180840461,4.66009351366e-08,0.360255352474,4.66009351366e-08,0.360255352474,4.99782130912
spheroid_1_0p7_0p7,0.1,0.2,8.0,5,5,0,complex-regular,regular-regime,0.16312578006756273,35.7633531015,3.08756495814e-08,0.0489397960789,3.08756495814e-08,0.0489397960789,7.41268840812
spheroid_1_0p7_0p7,0.1,0.2,11.0,5,5,0,complex-regular,regular-regime,0.19819475854537832,1.6166117277,3.52749359154e-08,0.00376704094205,3.52749359154e-08,0.00376704094205,9.56898831659
spheroid_1_0p7_0p7,0.1,0.55,3.0,5,4,1,complex-regular,regular-regime,0.14786954837662913,142.197673912,4.9094339405e-08,8.13094141991,4.9094339405e-08,8.13094141991,2.91879267532
spheroid_1_0p7_0p7,0.1,0.55,5.0,5,5,0,mixed,regular-regime,0.20299180697038413,137.553400825,4.17410120548e-08,1.13939760084,4.17410120548e-08,1.13939760084,3.84791967487
spheroid_1_0p7_0p7,0.1,0.55,8.0,5,5,0,mixed,regular-regime,0.19933322304373308,8.70870875028,5.29857489687e-08,0.0187404595891,5.29857489687e-08,0.0187404595891,5.97634716546
spheroid_1_0p7_0p7,0.1,0.55,11.0,5,5,0,mixed,regular-regime,0.18048120224953257,7.41694732358,5.28275837098e-08,0.0339334724419,5.28275837098e-08,0.0339334724419,9.70989097547
spheroid_1_0p7_0p7,0.1,1.5,3.0,5,5,0,periodic,regular-regime,0.1630510231369769,13.2895666705,4.81136760554e-08,0.0345110781583,4.81136760554e-08,0.0345110781583,2.84574776281
spheroid_1_0p7_0p7,0.1,1.5,5.0,5,5,0,periodic,regular-regime,0.16740672750560748,259.466987327,6.04085022231e-08,0.53458468678,6.04085022231e-08,0.53458468678,4.54376322852
spheroid_1_0p7_0p7,0.1,1.5,8.0,5,5,0,quasi-periodic,regular-regime,0.17361824753638685,2.08291255202,4.87485216268e-08,0.0324477029683,4.87485216268e-08,0.0106587298222,7.3083571575
spheroid_1_0p7_0p7,0.1,1.5,11.0,5,5,0,periodic,regular-regime,0.16439029922093729,100.244565972,4.74731899513e-08,0.0776708909254,4.74731899513e-08,0.0776708909254,8.55168156377
spheroid_1_0p7_0p7,0.1,4.0,3.0,5,5,0,quasi-periodic,regular-regime,0.15575556894818926,701.60922751,3.65460919231e-08,1.56667689752,3.65460919231e-08,1.56667689752,2.9608669899
spheroid_1_0p7_0p7,0.1,4.0,5.0,5,5,0,periodic,regular-regime,0.15139322163986052,958.528423911,0.682530071348,35.1408540358,0.682530071348,35.1408540358,2.84229695823
spheroid_1_0p7_0p7,0.1,4.0,8.0,5,5,0,quasi-periodic,regular-regime,0.192183570786497,9.19957527067,3.88240736886e-08,0.01434933522,3.88240736886e-08,0.0111171312007,7.28935031203
spheroid_1_0p7_0p7,0.1,4.0,11.0,5,5,0,periodic,regular-regime,0.1658214415938834,1.76538312814,4.56373376985e-08,0.00657230909312,4.56373376985e-08,0.00657230909312,10.5779107645
spheroid_1_0p7_0p7,0.1,11.0,3.0,5,5,0,quasi-periodic,regular-regime,0.15025923750705292,421.331327243,0.0815924582042,12.7499502177,0.0815924582042,12.7499502177,2.35382735147
spheroid_1_0p7_0p7,0.1,11.0,5.0,5,5,0,quasi-periodic,regular-regime,0.19211514844914593,21.3170048838,1.73312539092e-08,0.0227001003173,1.73312539092e-08,0.0227001003173,4.10086019158
spheroid_1_0p7_0p7,0.1,11.0,8.0,5,5,0,periodic,regular-regime,0.17739998570292217,7.01882702933,3.07898927906e-08,0.0140382226664,3.07898927906e-08,0.0140382226664,6.84734022386
spheroid_1_0p7_0p7,0.1,11.0,11.0,5,5,0,periodic,regular-regime,0.15366565394879433,3.40881968775,4.22294391651e-08,0.00962657407788,4.22294391651e-08,0.00962657407788,10.27024081
spheroid_1_0p7_0p7,0.1,30.0,3.0,5,5,0,periodic,regular-regime,0.14038417563029215,85.2475877579,6.6838217103e-08,0.142625260457,6.6838217103e-08,0.142625260457,2.84832006901
spheroid_1_0p7_0p7,0.1,30.0,5.0,5,5,0,periodic,regular-regime,0.12138254503830548,9.88321981954,8.01400226866e-08,0.0131433504301,8.01400226866e-08,0.0131433504301,4.89842341198
spheroid_1_0p7_0p7,0.1,30.0,8.0,5,5,0,periodic,regular-regime,0.12593918345166993,3.65242155192,1.34770617218e-07,0.00794656337661,1.34770617218e-07,0.00794656337661,7.71952088323
spheroid_1_0p7_0p7,0.1,30.0,11.0,5,5,0,mixed,regular-regime,0.24062653926071692,94.2257478684,8.01444024778e-08,0.0298179308962,8.01444024778e-08,0.0298179308962,7.18626819947
spheroid_1_0p7_0p7,0.3,0.2,3.0,5,5,0,mixed,regular-regime,0.19435801931568225,2981.16763725,0.102742246283,51.1853580479,0.102742246283,51.1853580479,2.66983054412
spheroid_1_0p7_0p7,0.3,0.2,5.0,5,5,0,mixed,regular-regime,0.1740018205394193,12.8290924712,2.79463666476e-08,0.0854377506431,2.79463666476e-08,0.0854377506431,4.59146569662
spheroid_1_0p7_0p7,0.3,0.2,8.0,5,5,0,complex-regular,regular-regime,0.1964450959473177,2.21312017785,2.23489765135e-08,0.0132450112357,2.23489765135e-08,0.0132450112357,7.27175413426
spheroid_1_0p7_0p7,0.3,0.2,11.0,5,5,0,complex-regular,regular-regime,0.19683179656897995,0.692841079265,2.69925031007e-08,0.00412078225377,2.69925031007e-08,0.00412078225377,10.5917713874
spheroid_1_0p7_0p7,0.3,0.55,3.0,5,5,0,periodic,regular-regime,0.1563514254229778,795.827287883,0.0864733517275,28.332609576,0.0864733517275,28.332609576,2.4272011028
spheroid_1_0p7_0p7,0.3,0.55,5.0,5,5,0,periodic,regular-regime,0.1855830534888341,4.91823263984,3.30022959924e-08,0.125672544127,3.30022959924e-08,0.125672544127,4.94086687175
spheroid_1_0p7_0p7,0.3,0.55,8.0,5,5,0,quasi-periodic,regular-regime,0.1594019439865184,13.1349657896,3.3602651645e-08,0.0387341640789,3.3602651645e-08,0.0387341640789,6.6968186409
spheroid_1_0p7_0p7,0.3,0.55,11.0,5,5,0,periodic,regular-regime,0.17885693317990276,0.559220177895,2.16413581552e-08,0.00558471055357,2.16413581552e-08,0.00558471055357,10.0061759652
spheroid_1_0p7_0p7,0.3,1.5,3.0,5,5,0,periodic,regular-regime,0.14926446358757048,911.060308892,0.215757840188,47.4188449068,0.215757840188,47.4188449068,2.30434488721
spheroid_1_0p7_0p7,0.3,1.5,5.0,5,5,0,periodic,regular-regime,0.16876275039413136,9.12532721891,2.28563102571e-08,0.0259071004115,2.28563102571e-08,0.0259071004115,4.86096573793
spheroid_1_0p7_0p7,0.3,1.5,8.0,5,5,0,periodic,regular-regime,0.15055259891272613,4.53903420494,2.84206001381e-08,0.00933419240105,2.84206001381e-08,0.00933419240105,7.44172494844
spheroid_1_0p7_0p7,0.3,1.5,11.0,5,5,0,periodic,regular-regime,0.16530621797299777,2.48540206422,1.64529462656e-08,0.00971859123357,1.64529462656e-08,0.00971859123357,10.3963005017
spheroid_1_0p7_0p7,0.3,4.0,3.0,5,5,0,periodic,regular-regime,0.12302336154315183,301.470304503,0.107095314457,2.58067074315,0.107095314457,2.58067074315,2.13315402081
spheroid_1_0p7_0p7,0.3,4.0,5.0,5,5,0,periodic,regular-regime,0.1785770429212307,7.76533109714,2.13342534378e-08,0.0224511436147,2.13342534378e-08,0.0224511436147,4.76855945269
spheroid_1_0p7_0p7,0.3,4.0,8.0,5,5,0,periodic,regular-regime,0.15456871649000653,23.1063547446,2.5462525875e-08,0.0213648813275,2.5462525875e-08,0.0213648813275,6.51979857182
spheroid_1_0p7_0p7,0.3,4.0,11.0,5,5,0,quasi-periodic,regular-regime,0.17673446021780156,43.3321009615,1.34037489443e-08,0.0284490908568,1.34037489443e-08,0.0284490908568,6.92968999007
spheroid_1_0p7_0p7,0.3,11.0,3.0,5,5,0,periodic,regular-regime,0.13877609997238943,46.2376520146,4.99970709817e-08,0.0325290625016,4.99970709817e-08,0.0325290625016,2.88682570171
spheroid_1_0p7_0p7,0.3,11.0,5.0,5,5,0,mixed,regular-regime,0.1708484202430813,30.3601343395,3.72061622569e-08,0.0224526755618,3.72061622569e-08,0.0224526755618,4.20094059922
spheroid_1_0p7_0p7,0.3,11.0,8.0,5,5,0,periodic,regular-regime,0.1389595495085344,7.7713843158,3.14991934471e-08,0.0190885282034,3.14991934471e-08,0.0190885282034,6.81812350497
spheroid_1_0p7_0p7,0.3,11.0,11.0,5,5,0,periodic,regular-regime,0.12474302507155391,1.31236089283,3.82914905677e-08,0.016612102427,3.82914905677e-08,0.016612102427,10.7668761041
spheroid_1_0p7_0p7,0.3,30.0,3.0,5,5,0,periodic,regular-regime,0.11232795191554874,19.8788934803,5.58520216169e-08,0.0218410017192,5.58520216169e-08,0.0218410017192,2.97378721745
spheroid_1_0p7_0p7,0.3,30.0,5.0,5,5,0,periodic,regular-regime,0.11619058498692161,16.3934320101,0.127397272703,1.41020573174,0.127397272703,1.41020573174,4.39635949068
spheroid_1_0p7_0p7,0.3,30.0,8.0,5,5,0,periodic,regular-regime,0.13835871956210927,57.2258985245,0.14020397328,4.37356891514,0.14020397328,4.37356891514,4.25133582507
spheroid_1_0p7_0p7,0.3,30.0,11.0,5,5,0,periodic,regular-regime,0.11807510368414861,1.93802773706,6.67867786105e-08,0.0121003884212,6.67867786105e-08,0.0121003884212,8.53516798944
spheroid_1_0p7_0p7,1.0,0.2,3.0,5,5,0,periodic,regular-regime,0.1718636280779298,240.195244811,0.0276220193676,5.87662396885,0.0276220193676,5.87662396885,2.46501275131
spheroid_1_0p7_0p7,1.0,0.2,5.0,5,5,0,periodic,regular-regime,0.17105195953781854,5.06354758885,1.6534153856e-08,0.0354233434597,1.6534153856e-08,0.0354233434597,4.93238469897
spheroid_1_0p7_0p7,1.0,0.2,8.0,5,5,0,periodic,regular-regime,0.16868679122848945,2.32489398608,1.85377344687e-08,0.0247945543041,1.85377344687e-08,0.0247945543041,7.69543498108
spheroid_1_0p7_0p7,1.0,0.2,11.0,5,5,0,periodic,regular-regime,0.18072022261768755,1.68360159975,1.95119585615e-08,0.0349944332513,1.95119585615e-08,0.0349944332513,9.70022358845
spheroid_1_0p7_0p7,1.0,0.55,3.0,5,5,0,periodic,regular-regime,0.1566533389994306,689.788396817,0.0856064811885,28.0235572863,0.0856064811885,28.0235572863,2.15898505457
spheroid_1_0p7_0p7,1.0,0.55,5.0,5,5,0,periodic,regular-regime,0.17455761951950916,29.7001489986,0.00440831191203,0.272476936836,0.00440831191203,0.272476936836,4.31117314992
spheroid_1_0p7_0p7,1.0,0.55,8.0,5,5,0,periodic,regular-regime,0.16106475263464565,2.17096030256,1.38094784455e-08,0.0107104167484,1.38094784455e-08,0.0107104167484,7.51835206925
spheroid_1_0p7_0p7,1.0,0.55,11.0,5,5,0,periodic,regular-regime,0.14923819379243522,7.73069990253,1.98683835086e-08,0.0376631389241,1.98683835086e-08,0.0376631389241,9.03051858008
spheroid_1_0p7_0p7,1.0,1.5,3.0,5,5,0,periodic,regular-regime,0.14577948524335302,65.0121615885,0.485208844171,52.0648739965,0.485208844171,52.0648739965,2.42243766423
spheroid_1_0p7_0p7,1.0,1.5,5.0,5,5,0,periodic,regular-regime,0.15552336253160237,9.39280157309,1.37480339097e-08,0.385954519621,1.37480339097e-08,0.215482675983,4.68215601663
spheroid_1_0p7_0p7,1.0,1.5,8.0,5,5,0,periodic,regular-regime,0.140038211746271,10.5159766915,0.0102172545309,0.712829305827,0.0102172545309,0.712829305827,6.43846306961
spheroid_1_0p7_0p7,1.0,1.5,11.0,5,5,0,periodic,regular-regime,0.14926887753910142,1.51965237729,1.10278859365e-08,0.0224823713393,1.10278859365e-08,0.0224823713393,9.41121995344
spheroid_1_0p7_0p7,1.0,4.0,3.0,5,5,0,mixed,regular-regime,0.28612322844216226,320.664206544,1.22277589709e-08,0.254559283095,1.22277589709e-08,0.254559283095,2.87294267361
spheroid_1_0p7_0p7,1.0,4.0,5.0,5,5,0,periodic,regular-regime,0.12145765436359084,9.97536444453,1.78468208423e-08,0.0358673341712,1.78468208423e-08,0.0358673341712,4.33275399594
spheroid_1_0p7_0p7,1.0,4.0,8.0,5,5,0,periodic,regular-regime,0.12467040272664431,17.7265681612,1.73529870926e-08,0.0256011723165,1.73529870926e-08,0.0256011723165,5.87683507946
spheroid_1_0p7_0p7,1.0,4.0,11.0,5,5,0,periodic,regular-regime,0.11974581466946126,1.56669648603,2.91712339212e-08,0.0216781901285,2.91712339212e-08,0.0216781901285,10.3736518
spheroid_1_0p7_0p7,1.0,11.0,3.0,5,5,0,mixed,regular-regime,0.13946104467208056,75.93016349,2.58219065622e-08,0.0314677561337,2.58219065622e-08,0.0314677561337,2.80661939747
spheroid_1_0p7_0p7,1.0,11.0,5.0,5,5,0,periodic,regular-regime,0.12803128042479353,27.7308114473,2.60308794584e-08,0.0261394060006,2.60308794584e-08,0.0261394060006,4.51099192465
spheroid_1_0p7_0p7,1.0,11.0,8.0,5,5,0,periodic,regular-regime,0.10956746084658779,2.4486526692,4.06035963557e-08,0.017929540902,4.06035963557e-08,0.017929540902,7.98563270627
spheroid_1_0p7_0p7,1.0,11.0,11.0,5,5,0,periodic,regular-regime,0.11359483669343191,1.76239329924,6.57094880845e-08,0.0218748498527,6.57094880845e-08,0.0218748498527,9.68990768204
spheroid_1_0p7_0p7,1.0,30.0,3.0,5,5,0,periodic,regular-regime,0.11118390199792397,8.0598360209,3.87151839185e-08,0.0100378329303,3.87151839185e-08,0.0100378329303,2.96887656669
spheroid_1_0p7_0p7,1.0,30.0,5.0,5,5,0,periodic,regular-regime,0.1185605818383548,6.33162039728,4.54844026727e-08,0.0104032420932,4.54844026727e-08,0.0104032420932,4.65678246104
spheroid_1_0p7_0p7,1.0,30.0,8.0,5,5,0,periodic,regular-regime,0.115662695382692,2.00865362908,8.20003777274e-08,0.014535765408,8.20003777274e-08,0.014535765408,6.89900782755
spheroid_1_0p7_0p7,1.0,30.0,11.0,5,5,0,periodic,regular-regime,0.11372964629529225,0.547336934743,9.49320340403e-08,0.0135666387874,9.49320340403e-08,0.0135666387874,10.9730491754
spheroid_1_0p7_0p7,4.0,0.2,3.0,5,5,0,mixed,regular-regime,0.2447713251370774,78.5054942354,6.46005840489e-09,0.267255843399,6.46005840489e-09,0.267255843399,2.82017505349
spheroid_1_0p7_0p7,4.0,0.2,5.0,5,5,0,periodic,regular-regime,0.16525598149263412,5.90653492638,5.33560411171e-09,0.0301693886191,5.33560411171e-09,0.0301693886191,3.71154991113
spheroid_1_0p7_0p7,4.0,0.2,8.0,5,5,0,periodic,regular-regime,0.15255746097505435,187.988423123,6.31668024577e-09,0.455265178686,6.31668024577e-09,0.455265178686,6.13554395614
spheroid_1_0p7_0p7,4.0,0.2,11.0,5,5,0,periodic,regular-regime,0.1532619217169245,30.3325517088,0.0500267616723,58.0576643044,0.0500267616723,58.0576643044,8.93051852093
spheroid_1_0p7_0p7,4.0,0.55,3.0,5,5,0,periodic,regular-regime,0.14369811233064608,44.6215877771,0.0106534772902,1.60865252536,0.0106534772902,1.60865252536,2.49172057341
spheroid_1_0p7_0p7,4.0,0.55,5.0,5,5,0,periodic,regular-regime,0.13648739416704542,36.8776088785,5.56265644646e-09,0.108697969532,5.56265644646e-09,0.108697969532,3.90463332123
spheroid_1_0p7_0p7,4.0,0.55,8.0,5,5,0,periodic,regular-regime,0.13475257336322785,3.67147397004,4.13288506794e-09,0.0174299292335,4.13288506794e-09,0.0174299292335,7.1185785462
spheroid_1_0p7_0p7,4.0,0.55,11.0,5,5,0,periodic,regular-regime,0.14580386576042723,3.41554896208,6.48682589052e-09,0.0309770640121,6.48682589052e-09,0.0309770640121,9.17178841381
spheroid_1_0p7_0p7,4.0,1.5,3.0,5,5,0,periodic,regular-regime,0.11486052984325627,63.3690885204,0.690460156304,21.7339848131,0.690460156304,21.7339848131,1.98147648277
spheroid_1_0p7_0p7,4.0,1.5,5.0,5,5,0,periodic,regular-regime,0.11976756969133118,2.65725098565,6.91375171634e-09,0.0308658822798,6.91375171634e-09,0.0308658822798,4.56477798357
spheroid_1_0p7_0p7,4.0,1.5,8.0,5,5,0,periodic,regular-regime,0.12258273167936706,8.08399271178,7.57865487828e-09,0.019059947238,7.57865487828e-09,0.019059947238,6.09145495936
spheroid_1_0p7_0p7,4.0,1.5,11.0,5,5,0,periodic,regular-regime,0.11454129377464375,6.07225598018,5.42570574219e-05,0.0168315383789,5.42570574219e-05,0.0168315383789,9.08181490538
spheroid_1_0p7_0p7,4.0,4.0,3.0,5,5,0,periodic,regular-regime,0.11539471209831118,9.44190753546,0.00848748557473,0.143296246767,0.00848748557473,0.143296246767,2.52355394643
spheroid_1_0p7_0p7,4.0,4.0,5.0,5,5,0,periodic,regular-regime,0.11449974195450177,19.2549368091,1.2813539925e-08,0.0131734807272,1.2813539925e-08,0.0131734807272,4.14840124393
spheroid_1_0p7_0p7,4.0,4.0,8.0,5,5,0,periodic,regular-regime,0.1066936958626687,1.86275916319,9.16120466738e-09,0.0260406972768,9.16120466738e-09,0.0260406972768,7.45807791129
spheroid_1_0p7_0p7,4.0,4.0,11.0,5,5,0,periodic,regular-regime,0.1176212654071311,0.30109946534,4.78533202287e-09,0.019315065902,4.78533202287e-09,0.019315065902,10.73725193
spheroid_1_0p7_0p7,4.0,11.0,3.0,5,5,0,periodic,regular-regime,0.11866943580392326,10.0227243607,0.0391470700132,5.48862323718,0.0391470700132,5.48862323718,2.70150050337
spheroid_1_0p7_0p7,4.0,11.0,5.0,5,5,0,periodic,regular-regime,0.1392717059476745,5.91592806816,1.23655270791e-08,0.00972058046695,1.23655270791e-08,0.00972058046695,3.98682935038
spheroid_1_0p7_0p7,4.0,11.0,8.0,5,5,0,periodic,regular-regime,0.10881007417581826,0.971039872543,1.29190899618e-08,0.00832114497398,1.29190899618e-08,0.00832114497398,7.3770685624
spheroid_1_0p7_0p7,4.0,11.0,11.0,5,5,0,periodic,regular-regime,0.11093382663362097,0.757408638295,1.35414115267e-08,0.0130022654741,1.35414115267e-08,0.0130022654741,9.88563231871
spheroid_1_0p7_0p7,4.0,30.0,3.0,5,5,0,periodic,regular-regime,0.11256697003685452,6.42826829207,0.150664630684,0.799192255835,0.150664630684,0.799192255835,2.37345863089
spheroid_1_0p7_0p7,4.0,30.0,5.0,5,5,0,periodic,regular-regime,0.11140936495715262,1.01495776918,1.34934143083e-08,0.00435223871939,1.34934143083e-08,0.00435223871939,4.99993066245
spheroid_1_0p7_0p7,4.0,30.0,8.0,5,5,0,periodic,regular-regime,0.11107761165458549,0.51960864599,1.32097114732e-08,0.00448771954491,1.32097114732e-08,0.00448771954491,6.40893529908
spheroid_1_0p7_0p7,4.0,30.0,11.0,5,5,0,periodic,regular-regime,0.11011338065238845,0.617530661197,1.46471146723e-08,0.00717132539634,1.46471146723e-08,0.00717132539634,8.32833481477
spheroid_1_0p7_0p7,10.0,0.2,3.0,5,5,0,periodic,regular-regime,0.1545304912224154,17.9758723503,0.0751887412406,11.4606655564,0.0751887412406,11.4606655564,2.45692677179
spheroid_1_0p7_0p7,10.0,0.2,5.0,5,5,0,periodic,regular-regime,0.14666131969834295,15.4180330497,0.00298361183338,0.505309271069,0.00298361183338,0.505309271069,2.35802236161
spheroid_1_0p7_0p7,10.0,0.2,8.0,5,5,0,periodic,regular-regime,0.14608775652143322,0.862121061076,6.64634200474e-10,0.0218671627279,6.64634200474e-10,0.0218671627279,6.74060363833
spheroid_1_0p7_0p7,10.0,0.2,11.0,5,5,0,periodic,regular-regime,0.14400723457326275,0.238006178414,1.21292069701e-09,0.0275792964285,1.21292069701e-09,0.0275792964285,10.8523256245
spheroid_1_0p7_0p7,10.0,0.55,3.0,5,5,0,mixed,regular-regime,0.17514931113915527,51.8142127494,2.6804533091e-09,0.0794056053883,2.6804533091e-09,0.0794056053883,2.66328713908
spheroid_1_0p7_0p7,10.0,0.55,5.0,5,5,0,periodic,regular-regime,0.11348808233523285,4.12292933498,2.18823166499e-09,0.0197839066384,2.18823166499e-09,0.0197839066384,4.96636418302
spheroid_1_0p7_0p7,10.0,0.55,8.0,5,5,0,periodic,regular-regime,0.11136746957255747,4.66452102574,2.55270706482e-09,0.0191911442617,2.55270706482e-09,0.0191911442617,7.06368401473
spheroid_1_0p7_0p7,10.0,0.55,11.0,5,5,0,periodic,regular-regime,0.12107518405776392,1.21525879053,2.2398779711e-09,0.0192605046418,2.2398779711e-09,0.0192605046418,8.98286021569
spheroid_1_0p7_0p7,10.0,1.5,3.0,5,5,0,periodic,regular-regime,0.11353951966935642,16.4161066174,0.00968118811221,0.0691636703536,0.00968118811221,0.0691636703536,2.46147248905
spheroid_1_0p7_0p7,10.0,1.5,5.0,5,5,0,periodic,regular-regime,0.11341076796468241,5.06112494437,0.0238614764494,1.77556356674,0.0238614764494,1.77556356674,3.67610848956
spheroid_1_0p7_0p7,10.0,1.5,8.0,5,5,0,periodic,regular-regime,0.16255466333514326,7.44994911676,0.0185692654071,44.821635718,0.0185692654071,44.821635718,6.59361410877
spheroid_1_0p7_0p7,10.0,1.5,11.0,5,5,0,periodic,regular-regime,0.12285303455768697,8.97653309568,0.0156431802546,15.9946828697,0.0156431802546,15.9946828697,8.68862603821
spheroid_1_0p7_0p7,10.0,4.0,3.0,5,5,0,periodic,regular-regime,0.136631889243787,16.8429123371,0.00314253954167,0.109918268599,0.00314253954167,0.109918268599,2.68304447555
spheroid_1_0p7_0p7,10.0,4.0,5.0,5,5,0,periodic,regular-regime,0.11619683432520314,3.00310162761,4.48260323324e-09,0.0150284128288,4.48260323324e-09,0.0150284128288,4.409454304
spheroid_1_0p7_0p7,10.0,4.0,8.0,5,5,0,periodic,regular-regime,0.1558061043569298,1.84310449377,0.0402157404729,10.8600684858,0.0402157404729,10.8600684858,6.53666625
spheroid_1_0p7_0p7,10.0,4.0,11.0,5,5,0,periodic,regular-regime,0.11240246264341422,0.473790121778,3.81710072064e-09,0.00835715393373,3.81710072064e-09,0.00835715393373,9.17670154042
spheroid_1_0p7_0p7,10.0,11.0,3.0,5,5,0,periodic,regular-regime,0.1076121459232466,7.00462191763,0.0576394220579,0.882646745117,0.0576394220579,0.882646745117,2.51717835045
spheroid_1_0p7_0p7,10.0,11.0,5.0,5,5,0,periodic,regular-regime,0.11285585981735133,1.22724329914,5.96739926171e-09,0.00513159916882,5.96739926171e-09,0.00513159916882,4.25195939988
spheroid_1_0p7_0p7,10.0,11.0,8.0,5,5,0,periodic,regular-regime,0.11167439792308224,0.720491116597,6.20045169808e-09,0.00420794755098,6.20045169808e-09,0.00420794755098,7.18154864728
spheroid_1_0p7_0p7,10.0,11.0,11.0,5,5,0,periodic,regular-regime,0.11001814439542446,0.244315208283,5.18676033498e-09,0.00549980052037,5.18676033498e-09,0.00549980052037,10.637943249
spheroid_1_0p7_0p7,10.0,30.0,3.0,5,5,0,periodic,regular-regime,0.11295236215441462,1.96884215482,5.01742215385e-09,0.00296880461531,5.01742215385e-09,0.00296880461531,2.95380948847
spheroid_1_0p7_0p7,10.0,30.0,5.0,5,5,0,periodic,regular-regime,0.11076401733605142,0.687069641233,8.83351144133e-09,0.00357462177289,8.83351144133e-09,0.00357462177289,4.94546969868
spheroid_1_0p7_0p7,10.0,30.0,8.0,5,5,0,periodic,regular-regime,0.10719722901732805,0.189796315215,9.49480119863e-09,0.00389741589545,9.49480119863e-09,0.00389741589545,7.91116166069
spheroid_1_0p7_0p7,10.0,30.0,11.0,5,5,0,periodic,regular-regime,0.10943936929974858,0.231113623991,9.11913153025e-09,0.0063217942899,9.11913153025e-09,0.0063217942899,8.68041848656
